{
    "read_files": "[ sample_02_1.fastq.gz, sample_02_2.fastq.gz]",
    "expected_format": "IU",
    "compatible_fragment_ratio": 1.0,
    "num_compatible_fragments": 1021998,
    "num_assigned_fragments": 1021998,
    "num_frags_with_concordant_consistent_mappings": 1026355,
    "num_frags_with_inconsistent_or_orphan_mappings": 27,
    "strand_mapping_bias": 0.5003931388262346,
    "MSF": 0,
    "OSF": 0,
    "ISF": 513581,
    "MSR": 0,
    "OSR": 0,
    "ISR": 512774,
    "SF": 16,
    "SR": 11,
    "MU": 0,
    "OU": 0,
    "IU": 0,
    "U": 0
}