{
    "read_files": "[ sample_06_1.fastq.gz, sample_06_2.fastq.gz]",
    "expected_format": "IU",
    "compatible_fragment_ratio": 1.0,
    "num_compatible_fragments": 1345393,
    "num_assigned_fragments": 1345393,
    "num_frags_with_concordant_consistent_mappings": 1349131,
    "num_frags_with_inconsistent_or_orphan_mappings": 35,
    "strand_mapping_bias": 0.5003146469838733,
    "MSF": 0,
    "OSF": 0,
    "ISF": 674990,
    "MSR": 0,
    "OSR": 0,
    "ISR": 674141,
    "SF": 18,
    "SR": 17,
    "MU": 0,
    "OU": 0,
    "IU": 0,
    "U": 0
}