ENST00000624081	ENSG00000279493	FP565260
ENST00000612610	ENSG00000277117	FP565260
ENST00000620481	ENSG00000277117	FP565260
ENST00000623960	ENSG00000277117	FP565260
ENST00000623903	ENSG00000277117	FP565260
ENST00000623795	ENSG00000277117	FP565260
ENST00000623188	ENSG00000279687	FP565260
ENST00000624810	ENSG00000280071	GATD3B
ENST00000625036	ENSG00000280071	GATD3B
ENST00000620015	ENSG00000280071	GATD3B
ENST00000620528	ENSG00000280071	GATD3B
ENST00000624120	ENSG00000280071	GATD3B
ENST00000624748	ENSG00000280071	GATD3B
ENST00000624648	ENSG00000280071	GATD3B
ENST00000623810	ENSG00000280071	GATD3B
ENST00000624714	ENSG00000280071	GATD3B
ENST00000623390	ENSG00000280071	GATD3B
ENST00000622915	ENSG00000280071	GATD3B
ENST00000623476	ENSG00000276612	FP565260
ENST00000617716	ENSG00000275464	FP565260
ENST00000632537	ENSG00000275464	FP565260
ENST00000623011	ENSG00000275464	FP565260
ENST00000624312	ENSG00000275464	FP565260
ENST00000633442	ENSG00000275464	FP565260
ENST00000633593	ENSG00000275464	FP565260
ENST00000634020	ENSG00000275464	FP565260
ENST00000634021	ENSG00000275464	FP565260
ENST00000623998	ENSG00000280433	FP565260
ENST00000623744	ENSG00000280433	FP565260
ENST00000623753	ENSG00000279669	AC079801
ENST00000624261	ENSG00000279094	LINC01670
ENST00000624859	ENSG00000279094	LINC01670
ENST00000623227	ENSG00000279094	LINC01670
ENST00000619252	ENSG00000274333	CU633967
ENST00000623449	ENSG00000274333	CU633967
ENST00000623436	ENSG00000274333	CU633967
ENST00000624627	ENSG00000274333	CU633967
ENST00000624368	ENSG00000274333	CU633967
ENST00000623914	ENSG00000274333	CU633967
ENST00000624516	ENSG00000274333	CU633967
ENST00000624412	ENSG00000274333	CU633967
ENST00000622939	ENSG00000274333	CU633967
ENST00000623050	ENSG00000274333	CU633967
ENST00000624444	ENSG00000274333	CU633967
ENST00000623887	ENSG00000274333	CU633967
ENST00000611026	ENSG00000274333	CU633967
ENST00000610788	ENSG00000277777	RF00019
ENST00000624506	ENSG00000279186	FP236315
ENST00000623587	ENSG00000279784	FP236315
ENST00000623723	ENSG00000279064	FP236315
ENST00000464664	ENSG00000274559	H2BFS
ENST00000623928	ENSG00000280013	CU639417
ENST00000624240	ENSG00000279769	CU639417
ENST00000624561	ENSG00000280191	LINC01669
ENST00000624105	ENSG00000280191	LINC01669
ENST00000624113	ENSG00000280191	LINC01669
ENST00000623161	ENSG00000280191	LINC01669
ENST00000623549	ENSG00000280191	LINC01669
ENST00000623983	ENSG00000280095	CU639417
ENST00000623297	ENSG00000280179	CU639417
ENST00000624872	ENSG00000280179	CU639417
ENST00000613488	ENSG00000275993	SIK1B
ENST00000624077	ENSG00000275993	SIK1B
ENST00000616522	ENSG00000274790	RF00019
ENST00000621924	ENSG00000275496	CU633906
ENST00000619488	ENSG00000275496	CU633906
ENST00000617746	ENSG00000275496	CU633906
ENST00000624446	ENSG00000275496	CU633906
ENST00000623405	ENSG00000275496	CU633906
ENST00000623575	ENSG00000275496	CU633906
ENST00000623506	ENSG00000275496	CU633906
ENST00000624484	ENSG00000280019	CU633906
ENST00000623377	ENSG00000279709	CU633906
ENST00000624576	ENSG00000278903	CU633906
ENST00000623738	ENSG00000278903	CU633906
ENST00000623989	ENSG00000278903	CU633906
ENST00000624165	ENSG00000278903	CU633906
ENST00000624847	ENSG00000278903	CU633906
ENST00000615262	ENSG00000276902	RF00019
ENST00000624691	ENSG00000274276	CBSL
ENST00000624406	ENSG00000274276	CBSL
ENST00000398168	ENSG00000274276	CBSL
ENST00000618024	ENSG00000274276	CBSL
ENST00000617706	ENSG00000274276	CBSL
ENST00000624934	ENSG00000274276	CBSL
ENST00000622914	ENSG00000274276	CBSL
ENST00000624808	ENSG00000274276	CBSL
ENST00000623939	ENSG00000274276	CBSL
ENST00000624921	ENSG00000274276	CBSL
ENST00000637320	ENSG00000275895	U2AF1L5
ENST00000623375	ENSG00000275895	U2AF1L5
ENST00000610664	ENSG00000275895	U2AF1L5
ENST00000639996	ENSG00000275895	U2AF1L5
ENST00000620065	ENSG00000275895	U2AF1L5
ENST00000636923	ENSG00000275895	U2AF1L5
ENST00000624739	ENSG00000275895	U2AF1L5
ENST00000619610	ENSG00000275895	U2AF1L5
ENST00000636315	ENSG00000275895	U2AF1L5
ENST00000637031	ENSG00000275895	U2AF1L5
ENST00000636177	ENSG00000275895	U2AF1L5
ENST00000636403	ENSG00000275895	U2AF1L5
ENST00000624353	ENSG00000280346	FP236240
ENST00000623061	ENSG00000279226	FP236240
ENST00000623896	ENSG00000278927	FP236240
ENST00000619537	ENSG00000276076	CRYAA2
ENST00000624019	ENSG00000276076	CRYAA2
ENST00000624901	ENSG00000276076	CRYAA2
ENST00000624932	ENSG00000276076	CRYAA2
ENST00000623047	ENSG00000280145	CU638689
ENST00000623106	ENSG00000280145	CU638689
ENST00000625185	ENSG00000280145	CU638689
ENST00000624846	ENSG00000280145	CU638689
ENST00000623313	ENSG00000280145	CU638689
ENST00000623950	ENSG00000280145	CU638689
ENST00000624965	ENSG00000280145	CU638689
ENST00000623324	ENSG00000280145	CU638689
ENST00000623225	ENSG00000278878	CU638689
ENST00000624181	ENSG00000278878	CU638689
ENST00000624266	ENSG00000279788	CU638689
ENST00000623809	ENSG00000279728	CU638689
ENST00000623892	ENSG00000280164	CU638689
ENST00000623678	ENSG00000279998	FP475955
ENST00000624937	ENSG00000278955	FP475955
ENST00000616627	ENSG00000284550	MIR8069-1
ENST00000623131	ENSG00000280172	FP475955
ENST00000623720	ENSG00000279751	FP475955
ENST00000623165	ENSG00000280018	CU634019
ENST00000624519	ENSG00000280018	CU634019
ENST00000624728	ENSG00000280018	CU634019
ENST00000623347	ENSG00000279313	CU634019
ENST00000623518	ENSG00000279477	CU634019
ENST00000625184	ENSG00000278884	CU634019
ENST00000623095	ENSG00000277067	CU634019
ENST00000622911	ENSG00000277067	CU634019
ENST00000621909	ENSG00000277067	CU634019
ENST00000623394	ENSG00000277067	CU634019
ENST00000624310	ENSG00000277067	CU634019
ENST00000615804	ENSG00000277067	CU634019
ENST00000617336	ENSG00000274046	RF00019
ENST00000624153	ENSG00000280330	CU634019
ENST00000623962	ENSG00000279303	CU634019
ENST00000624595	ENSG00000279647	CU633904
ENST00000624042	ENSG00000279895	CU633904
ENST00000617062	ENSG00000276077	CU633904
ENST00000625096	ENSG00000276077	CU633904
ENST00000624791	ENSG00000276077	CU633904
ENST00000624907	ENSG00000276077	CU633904
ENST00000624461	ENSG00000276077	CU633904
ENST00000625115	ENSG00000276077	CU633904
ENST00000610988	ENSG00000276077	CU633904
ENST00000613803	ENSG00000274484	RF00019
ENST00000624906	ENSG00000279177	FP236241
ENST00000619005	ENSG00000276546	RF00019
ENST00000623374	ENSG00000277991	FP236241
ENST00000624633	ENSG00000277991	FP236241
ENST00000623190	ENSG00000277991	FP236241
ENST00000623637	ENSG00000277991	FP236241
ENST00000623783	ENSG00000277991	FP236241
ENST00000625005	ENSG00000277991	FP236241
ENST00000623797	ENSG00000277991	FP236241
ENST00000623643	ENSG00000277991	FP236241
ENST00000624534	ENSG00000273590	SMIM11B
ENST00000622934	ENSG00000273590	SMIM11B
ENST00000619874	ENSG00000273590	SMIM11B
ENST00000612624	ENSG00000273590	SMIM11B
ENST00000624304	ENSG00000273590	SMIM11B
ENST00000624758	ENSG00000273590	SMIM11B
ENST00000623661	ENSG00000273590	SMIM11B
ENST00000613894	ENSG00000277277	FAM243B
ENST00000646133	ENSG00000278961	SMIM34B
ENST00000643357	ENSG00000278961	SMIM34B
ENST00000624951	ENSG00000278961	SMIM34B
ENST00000622690	ENSG00000276289	KCNE1B
ENST00000618699	ENSG00000276289	KCNE1B
ENST00000623803	ENSG00000276289	KCNE1B
ENST00000617668	ENSG00000276289	KCNE1B
ENST00000619030	ENSG00000273614	RF00614
ENST00000624806	ENSG00000279967	FP671120
ENST00000623664	ENSG00000278996	FP671120
ENST00000616420	ENSG00000275950	MIR6724-1
ENST00000610482	ENSG00000275664	RF01518
ENST00000615959	ENSG00000275708	MIR3648-1
ENST00000614492	ENSG00000277437	MIR3687-1
ENST00000631211	ENSG00000280800	FP671120
ENST00000612463	ENSG00000278233	RNA5-8SN2
ENST00000616483	ENSG00000274060	MIR6724-2
ENST00000618423	ENSG00000277671	RF01518
ENST00000629969	ENSG00000281383	FP671120
ENST00000610460	ENSG00000277739	RNA5-8SN2
ENST00000623860	ENSG00000280441	FP236383
ENST00000622482	ENSG00000277379	MIR6724-3
ENST00000612139	ENSG00000274868	RF01518
ENST00000625598	ENSG00000280614	FP236383
ENST00000613359	ENSG00000275215	RNA5-8SN2
ENST00000617390	ENSG00000275692	MIR6724-4
ENST00000619112	ENSG00000278775	RF01518
ENST00000627981	ENSG00000281181	FP236383
ENST00000619471	ENSG00000278189	RNA5-8SN2
ENST00000625020	ENSG00000279990	RPSAP68
ENST00000624852	ENSG00000279615	CR381572
ENST00000625098	ENSG00000279167	CR381572
ENST00000623794	ENSG00000279579	LINC01666
ENST00000624813	ENSG00000279579	LINC01666
ENST00000625014	ENSG00000279213	SNX18P10
ENST00000624263	ENSG00000280243	MTCO1P1
ENST00000624291	ENSG00000278931	CR381670
ENST00000581792	ENSG00000264462	MIR3648-2
ENST00000577708	ENSG00000264063	MIR3687-2
ENST00000623236	ENSG00000279501	CR392039
ENST00000623182	ENSG00000279414	CR392039
ENST00000623201	ENSG00000280436	CR392039
ENST00000416067	ENSG00000188681	TEKT4P2
ENST00000559466	ENSG00000188681	TEKT4P2
ENST00000624968	ENSG00000279720	CR392039
ENST00000623217	ENSG00000279381	CR392039
ENST00000622961	ENSG00000278932	CR381653
ENST00000622995	ENSG00000278932	CR381653
ENST00000625153	ENSG00000278932	CR381653
ENST00000624052	ENSG00000278932	CR381653
ENST00000623409	ENSG00000278932	CR381653
ENST00000624162	ENSG00000278932	CR381653
ENST00000624821	ENSG00000279718	SNX18P12
ENST00000624041	ENSG00000279208	CR381653
ENST00000624736	ENSG00000279864	AC124864
ENST00000623408	ENSG00000279211	AC124864
ENST00000620684	ENSG00000275631	RF00003
ENST00000623554	ENSG00000280081	LINC01667
ENST00000623919	ENSG00000280081	LINC01667
ENST00000623933	ENSG00000280081	LINC01667
ENST00000623929	ENSG00000280075	AC018692
ENST00000624130	ENSG00000279783	AC018692
ENST00000584271	ENSG00000264002	RN7SL52P
ENST00000516390	ENSG00000252199	RF00156
ENST00000624226	ENSG00000279321	AC018692
ENST00000623559	ENSG00000279321	AC018692
ENST00000625012	ENSG00000270533	CR382285
ENST00000604687	ENSG00000270533	CR382285
ENST00000624662	ENSG00000280372	CR382285
ENST00000623370	ENSG00000279851	CR382287
ENST00000623954	ENSG00000279062	CR382287
ENST00000622592	ENSG00000277693	AP003900
ENST00000616952	ENSG00000277693	AP003900
ENST00000613970	ENSG00000275945	EIF3FP1
ENST00000619242	ENSG00000275592	VN1R7P
ENST00000612331	ENSG00000278106	AF254983
ENST00000474011	ENSG00000187172	BAGE2
ENST00000470054	ENSG00000187172	BAGE2
ENST00000496773	ENSG00000187172	BAGE2
ENST00000612267	ENSG00000273840	AF254983
ENST00000622113	ENSG00000274391	TPTE
ENST00000612957	ENSG00000274391	TPTE
ENST00000427445	ENSG00000274391	TPTE
ENST00000612746	ENSG00000274391	TPTE
ENST00000618007	ENSG00000274391	TPTE
ENST00000616920	ENSG00000278678	CYCSP41
ENST00000614260	ENSG00000273872	SLC25A15P4
ENST00000611755	ENSG00000276556	AF254982
ENST00000622028	ENSG00000277282	IGHV1OR21-1
ENST00000457565	ENSG00000229306	AP001464
ENST00000447861	ENSG00000224309	ANKRD30BP2
ENST00000435744	ENSG00000224309	ANKRD30BP2
ENST00000507941	ENSG00000224309	ANKRD30BP2
ENST00000471407	ENSG00000224309	ANKRD30BP2
ENST00000384369	ENSG00000207097	RNU6-614P
ENST00000427301	ENSG00000168122	ZNF355P
ENST00000424255	ENSG00000237202	AJ239321
ENST00000624445	ENSG00000280108	AJ239318
ENST00000332473	ENSG00000185390	FGF7P2
ENST00000451052	ENSG00000175302	ANKRD30BP1
ENST00000580304	ENSG00000266211	MIR3156-3
ENST00000424290	ENSG00000226930	GTF2IP2
ENST00000407739	ENSG00000219280	VN1R8P
ENST00000444901	ENSG00000228184	SNX19P1
ENST00000431829	ENSG00000179381	OR4K11P
ENST00000427446	ENSG00000228159	LINC01674
ENST00000406538	ENSG00000218549	OR4K12P
ENST00000620442	ENSG00000166351	POTED
ENST00000299443	ENSG00000166351	POTED
ENST00000384745	ENSG00000207476	RNU6-286P
ENST00000581787	ENSG00000266299	MIR3118-1
ENST00000613704	ENSG00000278381	AL050303
ENST00000435181	ENSG00000227874	GRAMD4P1
ENST00000398098	ENSG00000214319	CXADRP1
ENST00000624520	ENSG00000279773	AL050303
ENST00000619798	ENSG00000273692	AL050303
ENST00000621412	ENSG00000278618	MIR8069-2
ENST00000431297	ENSG00000229231	FEM1AP1
ENST00000444356	ENSG00000224922	AL050303
ENST00000311003	ENSG00000173231	TERF1P1
ENST00000443486	ENSG00000232797	FAM207CP
ENST00000433312	ENSG00000224860	GXYLT1P2
ENST00000400583	ENSG00000215562	CNN2P7
ENST00000453500	ENSG00000234538	ZNF114P1
ENST00000428301	ENSG00000228314	CYP4F29P
ENST00000420685	ENSG00000228314	CYP4F29P
ENST00000436765	ENSG00000228314	CYP4F29P
ENST00000412442	ENSG00000230965	SNX18P13
ENST00000442192	ENSG00000215559	ANKRD20A11P
ENST00000451663	ENSG00000215559	ANKRD20A11P
ENST00000428576	ENSG00000215559	ANKRD20A11P
ENST00000432875	ENSG00000215559	ANKRD20A11P
ENST00000429521	ENSG00000215559	ANKRD20A11P
ENST00000344693	ENSG00000215559	ANKRD20A11P
ENST00000366423	ENSG00000203616	RHOT1P2
ENST00000411355	ENSG00000223287	RNU6-954P
ENST00000457709	ENSG00000183249	NF1P3
ENST00000450880	ENSG00000233442	PPP6R2P1
ENST00000613317	ENSG00000275170	FRG2MP
ENST00000428809	ENSG00000224905	AP001347
ENST00000432621	ENSG00000224905	AP001347
ENST00000448463	ENSG00000224905	AP001347
ENST00000359341	ENSG00000249493	ANKRD20A18P
ENST00000364942	ENSG00000201812	RNA5SP488
ENST00000613590	ENSG00000277572	RF01518
ENST00000344577	ENSG00000188992	LIPI
ENST00000536861	ENSG00000188992	LIPI
ENST00000614229	ENSG00000188992	LIPI
ENST00000400211	ENSG00000188992	LIPI
ENST00000433806	ENSG00000240755	ERLEC1P1
ENST00000468643	ENSG00000185272	RBM11
ENST00000468788	ENSG00000185272	RBM11
ENST00000495055	ENSG00000185272	RBM11
ENST00000461088	ENSG00000185272	RBM11
ENST00000400577	ENSG00000185272	RBM11
ENST00000475864	ENSG00000185272	RBM11
ENST00000429114	ENSG00000243064	ABCC13
ENST00000482980	ENSG00000243064	ABCC13
ENST00000481582	ENSG00000243064	ABCC13
ENST00000467409	ENSG00000243064	ABCC13
ENST00000471902	ENSG00000243064	ABCC13
ENST00000463099	ENSG00000243064	ABCC13
ENST00000285667	ENSG00000155304	HSPA13
ENST00000478035	ENSG00000155304	HSPA13
ENST00000400564	ENSG00000155307	SAMSN1
ENST00000400566	ENSG00000155307	SAMSN1
ENST00000644288	ENSG00000155307	SAMSN1
ENST00000647101	ENSG00000155307	SAMSN1
ENST00000619120	ENSG00000155307	SAMSN1
ENST00000285670	ENSG00000155307	SAMSN1
ENST00000463807	ENSG00000155307	SAMSN1
ENST00000493640	ENSG00000155307	SAMSN1
ENST00000435732	ENSG00000155307	SAMSN1
ENST00000400562	ENSG00000155307	SAMSN1
ENST00000467280	ENSG00000155307	SAMSN1
ENST00000469393	ENSG00000155307	SAMSN1
ENST00000449214	ENSG00000223662	SAMSN1-AS1
ENST00000455253	ENSG00000232884	AF127936
ENST00000454128	ENSG00000232884	AF127936
ENST00000453699	ENSG00000228600	POLR2CP1
ENST00000435315	ENSG00000226751	AF127936
ENST00000448152	ENSG00000225502	GAPDHP16
ENST00000432230	ENSG00000235609	AF127577
ENST00000630354	ENSG00000281903	LINC02246
ENST00000593619	ENSG00000281903	LINC02246
ENST00000627623	ENSG00000281903	LINC02246
ENST00000630211	ENSG00000281903	LINC02246
ENST00000625278	ENSG00000281903	LINC02246
ENST00000412426	ENSG00000281903	LINC02246
ENST00000418954	ENSG00000281903	LINC02246
ENST00000454795	ENSG00000226406	RBMX2P1
ENST00000430391	ENSG00000235277	AF127577
ENST00000318948	ENSG00000180530	NRIP1
ENST00000400199	ENSG00000180530	NRIP1
ENST00000400202	ENSG00000180530	NRIP1
ENST00000411932	ENSG00000180530	NRIP1
ENST00000638122	ENSG00000180530	NRIP1
ENST00000637963	ENSG00000180530	NRIP1
ENST00000637630	ENSG00000180530	NRIP1
ENST00000446301	ENSG00000229047	AF127577
ENST00000436429	ENSG00000231201	AF127577
ENST00000623352	ENSG00000279390	AF127577
ENST00000449746	ENSG00000236471	AF127577
ENST00000623768	ENSG00000280082	AF246928
ENST00000634642	ENSG00000229425	AJ009632
ENST00000634644	ENSG00000229425	AJ009632
ENST00000634708	ENSG00000229425	AJ009632
ENST00000635621	ENSG00000229425	AJ009632
ENST00000635225	ENSG00000229425	AJ009632
ENST00000449602	ENSG00000229425	AJ009632
ENST00000634659	ENSG00000229425	AJ009632
ENST00000635525	ENSG00000229425	AJ009632
ENST00000634853	ENSG00000229425	AJ009632
ENST00000635684	ENSG00000229425	AJ009632
ENST00000450823	ENSG00000224524	CYCSP42
ENST00000433588	ENSG00000224247	AJ009632
ENST00000391262	ENSG00000212564	RNU6-1326P
ENST00000454157	ENSG00000226298	RAD23BP3
ENST00000285679	ENSG00000155313	USP25
ENST00000351097	ENSG00000155313	USP25
ENST00000285681	ENSG00000155313	USP25
ENST00000400183	ENSG00000155313	USP25
ENST00000547201	ENSG00000155313	USP25
ENST00000549362	ENSG00000155313	USP25
ENST00000464435	ENSG00000155313	USP25
ENST00000453553	ENSG00000155313	USP25
ENST00000449491	ENSG00000155313	USP25
ENST00000478932	ENSG00000155313	USP25
ENST00000433427	ENSG00000234159	RBPMSLP
ENST00000635845	ENSG00000215386	MIR99AHG
ENST00000602580	ENSG00000215386	MIR99AHG
ENST00000619222	ENSG00000215386	MIR99AHG
ENST00000602935	ENSG00000215386	MIR99AHG
ENST00000400178	ENSG00000215386	MIR99AHG
ENST00000456342	ENSG00000215386	MIR99AHG
ENST00000428669	ENSG00000215386	MIR99AHG
ENST00000419952	ENSG00000215386	MIR99AHG
ENST00000445461	ENSG00000215386	MIR99AHG
ENST00000602505	ENSG00000215386	MIR99AHG
ENST00000602901	ENSG00000215386	MIR99AHG
ENST00000602339	ENSG00000215386	MIR99AHG
ENST00000602892	ENSG00000215386	MIR99AHG
ENST00000418813	ENSG00000215386	MIR99AHG
ENST00000435697	ENSG00000215386	MIR99AHG
ENST00000453910	ENSG00000215386	MIR99AHG
ENST00000602620	ENSG00000215386	MIR99AHG
ENST00000441820	ENSG00000215386	MIR99AHG
ENST00000602659	ENSG00000215386	MIR99AHG
ENST00000602323	ENSG00000215386	MIR99AHG
ENST00000413645	ENSG00000215386	MIR99AHG
ENST00000516464	ENSG00000252273	RNU6-426P
ENST00000399358	ENSG00000214976	VDAC2P1
ENST00000418544	ENSG00000224602	RPS26P5
ENST00000364155	ENSG00000201025	SNORD74B
ENST00000602921	ENSG00000270071	AP001172
ENST00000602454	ENSG00000270139	AP001172
ENST00000624971	ENSG00000280432	AP000962
ENST00000384906	ENSG00000207638	MIR99A
ENST00000362160	ENSG00000199030	MIRLET7C
ENST00000602654	ENSG00000269950	AP000962
ENST00000385128	ENSG00000207863	MIR125B2
ENST00000458992	ENSG00000239023	RNU1-98P
ENST00000444868	ENSG00000237735	AF130359
ENST00000430064	ENSG00000232886	AF212831
ENST00000433383	ENSG00000225735	NEK4P1
ENST00000620221	ENSG00000278181	AP000457
ENST00000516653	ENSG00000252462	RNU6-113P
ENST00000440664	ENSG00000232560	LINC01549
ENST00000613691	ENSG00000232560	LINC01549
ENST00000445481	ENSG00000226580	RPL39P40
ENST00000583100	ENSG00000266195	RN7SL163P
ENST00000284878	ENSG00000154639	CXADR
ENST00000400166	ENSG00000154639	CXADR
ENST00000356275	ENSG00000154639	CXADR
ENST00000400165	ENSG00000154639	CXADR
ENST00000400169	ENSG00000154639	CXADR
ENST00000413813	ENSG00000232260	BTF3L4P1
ENST00000363884	ENSG00000200754	RF00019
ENST00000363092	ENSG00000199962	RF00019
ENST00000339775	ENSG00000154640	BTG3
ENST00000348354	ENSG00000154640	BTG3
ENST00000471860	ENSG00000154640	BTG3
ENST00000496601	ENSG00000154640	BTG3
ENST00000464058	ENSG00000154640	BTG3
ENST00000457956	ENSG00000154640	BTG3
ENST00000626994	ENSG00000280594	BTG3-AS1
ENST00000630155	ENSG00000280594	BTG3-AS1
ENST00000416641	ENSG00000226956	AP000432
ENST00000624164	ENSG00000279648	AP000432
ENST00000430815	ENSG00000240770	C21orf91-OT1
ENST00000430401	ENSG00000240770	C21orf91-OT1
ENST00000439392	ENSG00000240770	C21orf91-OT1
ENST00000284881	ENSG00000154642	C21orf91
ENST00000400559	ENSG00000154642	C21orf91
ENST00000400558	ENSG00000154642	C21orf91
ENST00000405964	ENSG00000154642	C21orf91
ENST00000493464	ENSG00000154642	C21orf91
ENST00000482915	ENSG00000154642	C21orf91
ENST00000428689	ENSG00000244676	AL109761
ENST00000454737	ENSG00000244676	AL109761
ENST00000447175	ENSG00000231755	CHODL-AS1
ENST00000456825	ENSG00000215369	RPL37P3
ENST00000400128	ENSG00000154645	CHODL
ENST00000400127	ENSG00000154645	CHODL
ENST00000400131	ENSG00000154645	CHODL
ENST00000400135	ENSG00000154645	CHODL
ENST00000299295	ENSG00000154645	CHODL
ENST00000543733	ENSG00000154645	CHODL
ENST00000338326	ENSG00000154645	CHODL
ENST00000432412	ENSG00000227330	AF130417
ENST00000284885	ENSG00000154646	TMPRSS15
ENST00000422787	ENSG00000154646	TMPRSS15
ENST00000474775	ENSG00000154646	TMPRSS15
ENST00000455391	ENSG00000228708	AL109763
ENST00000437492	ENSG00000224141	MIR548XHG
ENST00000355189	ENSG00000224141	MIR548XHG
ENST00000414582	ENSG00000224141	MIR548XHG
ENST00000416002	ENSG00000230233	AF240627
ENST00000580069	ENSG00000265841	MIR548X
ENST00000358455	ENSG00000198618	PPIAP22
ENST00000623771	ENSG00000279156	AL157359
ENST00000440372	ENSG00000232193	AL157359
ENST00000449840	ENSG00000226204	AL157359
ENST00000450653	ENSG00000235965	AP000431
ENST00000424219	ENSG00000229289	AP000431
ENST00000413933	ENSG00000226818	SLC6A6P1
ENST00000433210	ENSG00000231620	AP000855
ENST00000391307	ENSG00000212609	RNU1-139P
ENST00000448908	ENSG00000230198	RPL37P4
ENST00000603349	ENSG00000271486	AP000403
ENST00000282964	ENSG00000229336	AP000568
ENST00000400117	ENSG00000215353	C1QBPP1
ENST00000443479	ENSG00000233480	LINC01683
ENST00000436373	ENSG00000233236	LINC02573
ENST00000516042	ENSG00000251851	RNU6-772P
ENST00000517154	ENSG00000252963	RN7SKP147
ENST00000425091	ENSG00000233676	FDPSP6
ENST00000447938	ENSG00000234439	KRT18P2
ENST00000413190	ENSG00000233206	RPS3AP1
ENST00000615444	ENSG00000276738	AP001506
ENST00000416768	ENSG00000224924	LINC00320
ENST00000437238	ENSG00000224924	LINC00320
ENST00000452561	ENSG00000224924	LINC00320
ENST00000435279	ENSG00000224924	LINC00320
ENST00000419299	ENSG00000224924	LINC00320
ENST00000448832	ENSG00000215351	PPIAP1
ENST00000400546	ENSG00000154654	NCAM2
ENST00000486367	ENSG00000154654	NCAM2
ENST00000284894	ENSG00000154654	NCAM2
ENST00000461281	ENSG00000154654	NCAM2
ENST00000484983	ENSG00000154654	NCAM2
ENST00000425058	ENSG00000226771	AP001136
ENST00000428205	ENSG00000234730	AP001117
ENST00000416182	ENSG00000237527	AF241725
ENST00000419069	ENSG00000238265	LINC00317
ENST00000425979	ENSG00000233997	LINC01425
ENST00000430060	ENSG00000233997	LINC01425
ENST00000452500	ENSG00000227075	AP000472
ENST00000416327	ENSG00000233215	LINC01687
ENST00000420255	ENSG00000233215	LINC01687
ENST00000419467	ENSG00000233215	LINC01687
ENST00000419431	ENSG00000184856	LINC00308
ENST00000433524	ENSG00000234340	AP000705
ENST00000454567	ENSG00000231136	AP000705
ENST00000365469	ENSG00000202339	RNU4-45P
ENST00000444130	ENSG00000226043	AP000561
ENST00000379571	ENSG00000223488	MAPK6P2
ENST00000441759	ENSG00000234034	AP000959
ENST00000438328	ENSG00000225906	AP000949
ENST00000421604	ENSG00000230972	AP001116
ENST00000619419	ENSG00000275469	MIR6130
ENST00000406845	ENSG00000219368	ZNF299P
ENST00000445341	ENSG00000231058	MSANTD2P1
ENST00000411146	ENSG00000223078	RNU2-55P
ENST00000262354	ENSG00000228592	D21S2088E
ENST00000447052	ENSG00000223822	EEF1A1P1
ENST00000425085	ENSG00000237569	TUBAP
ENST00000362828	ENSG00000199698	RF00019
ENST00000433101	ENSG00000227716	AP000459
ENST00000441465	ENSG00000231986	AP000474
ENST00000447405	ENSG00000235564	AP000477
ENST00000415269	ENSG00000226996	AP000477
ENST00000434859	ENSG00000226996	AP000477
ENST00000448063	ENSG00000224018	AP000470
ENST00000642623	ENSG00000224832	LINC01689
ENST00000416218	ENSG00000224832	LINC01689
ENST00000453784	ENSG00000237484	LINC01684
ENST00000423581	ENSG00000237484	LINC01684
ENST00000415182	ENSG00000237484	LINC01684
ENST00000441009	ENSG00000226983	LINC01692
ENST00000446404	ENSG00000227090	AP000402
ENST00000454182	ENSG00000230379	AP000146
ENST00000441666	ENSG00000230379	AP000146
ENST00000444178	ENSG00000230379	AP000146
ENST00000423389	ENSG00000237444	AP001342
ENST00000424017	ENSG00000244278	AP000235
ENST00000453802	ENSG00000232512	AP000233
ENST00000418942	ENSG00000232512	AP000233
ENST00000410635	ENSG00000274662	RN7SKP236
ENST00000426609	ENSG00000223870	AP000233
ENST00000409758	ENSG00000222042	AP001341
ENST00000410986	ENSG00000238627	RNA5SP489
ENST00000425147	ENSG00000213885	RPL13AP7
ENST00000624405	ENSG00000279534	AP001340
ENST00000332587	ENSG00000185433	LINC00158
ENST00000441013	ENSG00000185433	LINC00158
ENST00000440205	ENSG00000185433	LINC00158
ENST00000439840	ENSG00000185433	LINC00158
ENST00000419694	ENSG00000229962	AP000221
ENST00000456917	ENSG00000234883	MIR155HG
ENST00000385060	ENSG00000283904	MIR155
ENST00000567517	ENSG00000260583	LINC00515
ENST00000307301	ENSG00000154719	MRPL39
ENST00000352957	ENSG00000154719	MRPL39
ENST00000419219	ENSG00000154719	MRPL39
ENST00000400532	ENSG00000154721	JAM2
ENST00000480456	ENSG00000154721	JAM2
ENST00000312957	ENSG00000154721	JAM2
ENST00000460679	ENSG00000154721	JAM2
ENST00000492962	ENSG00000154721	JAM2
ENST00000477351	ENSG00000154721	JAM2
ENST00000471689	ENSG00000154721	JAM2
ENST00000420965	ENSG00000237731	RNGTTP1
ENST00000450769	ENSG00000227054	FDX1P2
ENST00000400099	ENSG00000154723	ATP5PF
ENST00000400094	ENSG00000154723	ATP5PF
ENST00000284971	ENSG00000154723	ATP5PF
ENST00000457143	ENSG00000154723	ATP5PF
ENST00000400090	ENSG00000154723	ATP5PF
ENST00000400087	ENSG00000154723	ATP5PF
ENST00000400093	ENSG00000154723	ATP5PF
ENST00000486002	ENSG00000154723	ATP5PF
ENST00000354828	ENSG00000154727	GABPA
ENST00000400075	ENSG00000154727	GABPA
ENST00000487266	ENSG00000154727	GABPA
ENST00000436405	ENSG00000235514	LLPHP2
ENST00000346798	ENSG00000142192	APP
ENST00000354192	ENSG00000142192	APP
ENST00000348990	ENSG00000142192	APP
ENST00000357903	ENSG00000142192	APP
ENST00000359726	ENSG00000142192	APP
ENST00000440126	ENSG00000142192	APP
ENST00000439274	ENSG00000142192	APP
ENST00000464867	ENSG00000142192	APP
ENST00000358918	ENSG00000142192	APP
ENST00000448850	ENSG00000142192	APP
ENST00000415997	ENSG00000142192	APP
ENST00000491395	ENSG00000142192	APP
ENST00000474136	ENSG00000142192	APP
ENST00000463070	ENSG00000142192	APP
ENST00000548570	ENSG00000142192	APP
ENST00000462267	ENSG00000142192	APP
ENST00000466453	ENSG00000142192	APP
ENST00000617755	ENSG00000233783	AP001442
ENST00000456904	ENSG00000233783	AP001442
ENST00000596385	ENSG00000233783	AP001442
ENST00000599572	ENSG00000233783	AP001442
ENST00000597894	ENSG00000233783	AP001442
ENST00000600590	ENSG00000233783	AP001442
ENST00000596669	ENSG00000233783	AP001442
ENST00000516163	ENSG00000251972	RNU6-123P
ENST00000455275	ENSG00000224541	AP001439
ENST00000608591	ENSG00000273492	AP000229
ENST00000609365	ENSG00000273492	AP000229
ENST00000384075	ENSG00000206802	RNU6-926P
ENST00000435878	ENSG00000229025	AP001595
ENST00000429340	ENSG00000232692	AP001596
ENST00000452460	ENSG00000232692	AP001596
ENST00000421771	ENSG00000232692	AP001596
ENST00000444306	ENSG00000232692	AP001596
ENST00000414486	ENSG00000197934	CYYR1-AS1
ENST00000357401	ENSG00000197934	CYYR1-AS1
ENST00000608410	ENSG00000273115	AP001596
ENST00000299340	ENSG00000166265	CYYR1
ENST00000400043	ENSG00000166265	CYYR1
ENST00000284984	ENSG00000154734	ADAMTS1
ENST00000464589	ENSG00000154734	ADAMTS1
ENST00000492656	ENSG00000154734	ADAMTS1
ENST00000517777	ENSG00000154734	ADAMTS1
ENST00000451462	ENSG00000154734	ADAMTS1
ENST00000517452	ENSG00000154734	ADAMTS1
ENST00000426771	ENSG00000223563	AP001599
ENST00000284987	ENSG00000154736	ADAMTS5
ENST00000584048	ENSG00000266133	MIR4759
ENST00000429271	ENSG00000215326	GPX1P2
ENST00000420186	ENSG00000231236	AP001605
ENST00000447384	ENSG00000236332	AP001604
ENST00000420241	ENSG00000233300	EIF4A1P1
ENST00000447844	ENSG00000217026	RPL10P1
ENST00000406229	ENSG00000219592	NCSTNP1
ENST00000426418	ENSG00000234052	LINC01673
ENST00000411460	ENSG00000225298	LINC00113
ENST00000425376	ENSG00000225298	LINC00113
ENST00000442550	ENSG00000225298	LINC00113
ENST00000433344	ENSG00000234083	AJ006995
ENST00000324988	ENSG00000178457	LINC00314
ENST00000426534	ENSG00000232079	LINC01697
ENST00000458316	ENSG00000232079	LINC01697
ENST00000631186	ENSG00000232079	LINC01697
ENST00000423808	ENSG00000232079	LINC01697
ENST00000616647	ENSG00000232079	LINC01697
ENST00000436878	ENSG00000232079	LINC01697
ENST00000609782	ENSG00000232079	LINC01697
ENST00000453420	ENSG00000236532	LINC01695
ENST00000433303	ENSG00000236532	LINC01695
ENST00000437194	ENSG00000236532	LINC01695
ENST00000433310	ENSG00000232855	AF165147
ENST00000430247	ENSG00000232855	AF165147
ENST00000452028	ENSG00000232855	AF165147
ENST00000412526	ENSG00000226935	LINC00161
ENST00000455939	ENSG00000226935	LINC00161
ENST00000637157	ENSG00000283300	RF00026
ENST00000303775	ENSG00000156239	N6AMT1
ENST00000351429	ENSG00000156239	N6AMT1
ENST00000460212	ENSG00000156239	N6AMT1
ENST00000447985	ENSG00000215005	HSPD1P7
ENST00000400014	ENSG00000215317	THUMPD1P1
ENST00000361371	ENSG00000198862	LTN1
ENST00000389194	ENSG00000198862	LTN1
ENST00000614971	ENSG00000198862	LTN1
ENST00000486427	ENSG00000198862	LTN1
ENST00000475344	ENSG00000198862	LTN1
ENST00000389195	ENSG00000198862	LTN1
ENST00000483326	ENSG00000198862	LTN1
ENST00000320371	ENSG00000176054	RPL23P2
ENST00000493196	ENSG00000156253	RWDD2B
ENST00000486719	ENSG00000156253	RWDD2B
ENST00000286777	ENSG00000156253	RWDD2B
ENST00000472184	ENSG00000156253	RWDD2B
ENST00000466746	ENSG00000156253	RWDD2B
ENST00000481411	ENSG00000156253	RWDD2B
ENST00000471269	ENSG00000156253	RWDD2B
ENST00000608809	ENSG00000273254	AF129075
ENST00000399975	ENSG00000156256	USP16
ENST00000399976	ENSG00000156256	USP16
ENST00000334352	ENSG00000156256	USP16
ENST00000474835	ENSG00000156256	USP16
ENST00000399973	ENSG00000156256	USP16
ENST00000485067	ENSG00000156256	USP16
ENST00000432178	ENSG00000156261	CCT8
ENST00000540844	ENSG00000156261	CCT8
ENST00000496121	ENSG00000156261	CCT8
ENST00000470450	ENSG00000156261	CCT8
ENST00000286788	ENSG00000156261	CCT8
ENST00000626972	ENSG00000156261	CCT8
ENST00000480359	ENSG00000156261	CCT8
ENST00000475205	ENSG00000156261	CCT8
ENST00000431234	ENSG00000156261	CCT8
ENST00000484403	ENSG00000156261	CCT8
ENST00000481059	ENSG00000156261	CCT8
ENST00000494296	ENSG00000156261	CCT8
ENST00000457162	ENSG00000231125	AF129075
ENST00000496779	ENSG00000156265	MAP3K7CL
ENST00000419845	ENSG00000156265	MAP3K7CL
ENST00000492930	ENSG00000156265	MAP3K7CL
ENST00000341618	ENSG00000156265	MAP3K7CL
ENST00000399934	ENSG00000156265	MAP3K7CL
ENST00000399935	ENSG00000156265	MAP3K7CL
ENST00000399947	ENSG00000156265	MAP3K7CL
ENST00000286791	ENSG00000156265	MAP3K7CL
ENST00000339024	ENSG00000156265	MAP3K7CL
ENST00000545939	ENSG00000156265	MAP3K7CL
ENST00000460883	ENSG00000156265	MAP3K7CL
ENST00000399928	ENSG00000156265	MAP3K7CL
ENST00000399926	ENSG00000156265	MAP3K7CL
ENST00000399925	ENSG00000156265	MAP3K7CL
ENST00000451489	ENSG00000156265	MAP3K7CL
ENST00000470800	ENSG00000156265	MAP3K7CL
ENST00000412942	ENSG00000232687	RPL12P9
ENST00000365114	ENSG00000201984	RF00019
ENST00000391177	ENSG00000212479	RF00012
ENST00000430001	ENSG00000224649	AF124730
ENST00000447125	ENSG00000215533	LINC00189
ENST00000420364	ENSG00000215533	LINC00189
ENST00000431661	ENSG00000215533	LINC00189
ENST00000548219	ENSG00000156273	BACH1
ENST00000546469	ENSG00000156273	BACH1
ENST00000547141	ENSG00000156273	BACH1
ENST00000550131	ENSG00000156273	BACH1
ENST00000286800	ENSG00000156273	BACH1
ENST00000399921	ENSG00000156273	BACH1
ENST00000548467	ENSG00000156273	BACH1
ENST00000451655	ENSG00000156273	BACH1
ENST00000447177	ENSG00000156273	BACH1
ENST00000435072	ENSG00000156273	BACH1
ENST00000422809	ENSG00000156273	BACH1
ENST00000468059	ENSG00000156273	BACH1
ENST00000462262	ENSG00000156273	BACH1
ENST00000450472	ENSG00000236056	GAPDHP14
ENST00000504298	ENSG00000248476	BACH1-IT1
ENST00000609910	ENSG00000273017	AP000240
ENST00000449923	ENSG00000232118	BACH1-AS1
ENST00000615718	ENSG00000232118	BACH1-AS1
ENST00000626681	ENSG00000228817	BACH1-IT2
ENST00000608072	ENSG00000228817	BACH1-IT2
ENST00000436529	ENSG00000228817	BACH1-IT2
ENST00000429843	ENSG00000234293	BACH1-IT3
ENST00000327783	ENSG00000171189	GRIK1
ENST00000389125	ENSG00000171189	GRIK1
ENST00000399913	ENSG00000171189	GRIK1
ENST00000399914	ENSG00000171189	GRIK1
ENST00000389124	ENSG00000171189	GRIK1
ENST00000399907	ENSG00000171189	GRIK1
ENST00000399909	ENSG00000171189	GRIK1
ENST00000472429	ENSG00000171189	GRIK1
ENST00000608759	ENSG00000273464	AP000238
ENST00000455392	ENSG00000174680	GRIK1-AS1
ENST00000309331	ENSG00000174680	GRIK1-AS1
ENST00000423221	ENSG00000174680	GRIK1-AS1
ENST00000412579	ENSG00000174680	GRIK1-AS1
ENST00000413131	ENSG00000174680	GRIK1-AS1
ENST00000565564	ENSG00000259981	AF096876
ENST00000286808	ENSG00000156282	CLDN17
ENST00000451410	ENSG00000227342	LINC00307
ENST00000399899	ENSG00000156284	CLDN8
ENST00000430538	ENSG00000225267	RPL8P2
ENST00000340345	ENSG00000188694	KRTAP24-1
ENST00000416044	ENSG00000232263	KRTAP25-1
ENST00000360542	ENSG00000197683	KRTAP26-1
ENST00000382835	ENSG00000206107	KRTAP27-1
ENST00000334160	ENSG00000186980	KRTAP23-1
ENST00000508999	ENSG00000250973	KRTAP13-6P
ENST00000399889	ENSG00000182816	KRTAP13-2
ENST00000581194	ENSG00000265007	MIR4327
ENST00000355459	ENSG00000198390	KRTAP13-1
ENST00000390690	ENSG00000240432	KRTAP13-3
ENST00000334068	ENSG00000186971	KRTAP13-4
ENST00000418755	ENSG00000233640	KRTAP13-5P
ENST00000334067	ENSG00000186970	KRTAP15-1
ENST00000390689	ENSG00000184351	KRTAP19-1
ENST00000334055	ENSG00000186965	KRTAP19-2
ENST00000334063	ENSG00000244025	KRTAP19-3
ENST00000334058	ENSG00000186967	KRTAP19-4
ENST00000334151	ENSG00000186977	KRTAP19-5
ENST00000421795	ENSG00000237841	KRTAP19-9P
ENST00000445258	ENSG00000235312	KRTAP19-10P
ENST00000406413	ENSG00000218125	AP000567
ENST00000439851	ENSG00000236612	KRTAP19-11P
ENST00000334046	ENSG00000186925	KRTAP19-6
ENST00000334849	ENSG00000244362	KRTAP19-7
ENST00000382830	ENSG00000206106	KRTAP22-2
ENST00000391624	ENSG00000212938	KRTAP6-3
ENST00000334897	ENSG00000186930	KRTAP6-2
ENST00000334680	ENSG00000186924	KRTAP22-1
ENST00000329122	ENSG00000184724	KRTAP6-1
ENST00000334664	ENSG00000244624	KRTAP20-1
ENST00000382828	ENSG00000206105	KRTAP20-4
ENST00000330798	ENSG00000184032	KRTAP20-2
ENST00000382826	ENSG00000206104	KRTAP20-3
ENST00000444335	ENSG00000231068	KRTAP21-3
ENST00000454921	ENSG00000236400	KRTAP21-4P
ENST00000333892	ENSG00000187026	KRTAP21-2
ENST00000335093	ENSG00000187005	KRTAP21-1
ENST00000424582	ENSG00000238257	AP000244
ENST00000440620	ENSG00000233036	KRTAP8-2P
ENST00000423658	ENSG00000227840	KRTAP8-3P
ENST00000329621	ENSG00000183640	KRTAP8-1
ENST00000621162	ENSG00000274749	KRTAP7-1
ENST00000332378	ENSG00000182591	KRTAP11-1
ENST00000382822	ENSG00000206102	KRTAP19-8
ENST00000429033	ENSG00000228941	UBE3AP2
ENST00000286827	ENSG00000156299	TIAM1
ENST00000423206	ENSG00000156299	TIAM1
ENST00000541036	ENSG00000156299	TIAM1
ENST00000636887	ENSG00000156299	TIAM1
ENST00000491927	ENSG00000156299	TIAM1
ENST00000469412	ENSG00000156299	TIAM1
ENST00000455508	ENSG00000156299	TIAM1
ENST00000490865	ENSG00000237325	AP000563
ENST00000433071	ENSG00000237594	AP000251
ENST00000393804	ENSG00000230870	FBXW11P1
ENST00000449339	ENSG00000234509	AP000253
ENST00000270142	ENSG00000142168	SOD1
ENST00000389995	ENSG00000142168	SOD1
ENST00000476106	ENSG00000142168	SOD1
ENST00000470944	ENSG00000142168	SOD1
ENST00000458922	ENSG00000238390	RF01241
ENST00000609934	ENSG00000273271	AP000254
ENST00000286835	ENSG00000156304	SCAF4
ENST00000399804	ENSG00000156304	SCAF4
ENST00000434667	ENSG00000156304	SCAF4
ENST00000467731	ENSG00000156304	SCAF4
ENST00000472318	ENSG00000156304	SCAF4
ENST00000485790	ENSG00000156304	SCAF4
ENST00000445197	ENSG00000229046	HMGN1P2
ENST00000610276	ENSG00000273091	AP000255
ENST00000458495	ENSG00000234107	TPT1P1
ENST00000270112	ENSG00000142149	HUNK
ENST00000430354	ENSG00000142149	HUNK
ENST00000465574	ENSG00000142149	HUNK
ENST00000439107	ENSG00000142149	HUNK
ENST00000437109	ENSG00000237138	HUNK-AS1
ENST00000411605	ENSG00000230323	LINC00159
ENST00000414877	ENSG00000230323	LINC00159
ENST00000565959	ENSG00000261610	AP000265
ENST00000290130	ENSG00000159055	MIS18A
ENST00000486363	ENSG00000159055	MIS18A
ENST00000453549	ENSG00000227256	MIS18A-AS1
ENST00000399784	ENSG00000170262	MRAP
ENST00000497833	ENSG00000170262	MRAP
ENST00000303645	ENSG00000170262	MRAP
ENST00000339944	ENSG00000170262	MRAP
ENST00000450936	ENSG00000232623	AP000266
ENST00000382751	ENSG00000142207	URB1
ENST00000480196	ENSG00000142207	URB1
ENST00000492603	ENSG00000142207	URB1
ENST00000363922	ENSG00000200792	SNORA80A
ENST00000534991	ENSG00000256073	URB1-AS1
ENST00000469079	ENSG00000166979	EVA1C
ENST00000459833	ENSG00000166979	EVA1C
ENST00000300255	ENSG00000166979	EVA1C
ENST00000435323	ENSG00000166979	EVA1C
ENST00000437338	ENSG00000166979	EVA1C
ENST00000457807	ENSG00000166979	EVA1C
ENST00000401402	ENSG00000166979	EVA1C
ENST00000382699	ENSG00000166979	EVA1C
ENST00000481638	ENSG00000166979	EVA1C
ENST00000412833	ENSG00000166979	EVA1C
ENST00000464037	ENSG00000166979	EVA1C
ENST00000496615	ENSG00000166979	EVA1C
ENST00000485488	ENSG00000166979	EVA1C
ENST00000448649	ENSG00000229007	EXOSC3P1
ENST00000516236	ENSG00000252045	RF00438
ENST00000517141	ENSG00000252950	RNA5SP490
ENST00000334165	ENSG00000186842	LINC00846
ENST00000300258	ENSG00000242220	TCP10L
ENST00000491828	ENSG00000242220	TCP10L
ENST00000472557	ENSG00000242220	TCP10L
ENST00000582575	ENSG00000242220	TCP10L
ENST00000431216	ENSG00000265590	AP000275
ENST00000553001	ENSG00000265590	AP000275
ENST00000431599	ENSG00000159079	CFAP298
ENST00000440966	ENSG00000159079	CFAP298
ENST00000382549	ENSG00000159079	CFAP298
ENST00000290155	ENSG00000159079	CFAP298
ENST00000425336	ENSG00000159079	CFAP298
ENST00000300260	ENSG00000159079	CFAP298
ENST00000483315	ENSG00000159079	CFAP298
ENST00000458138	ENSG00000159079	CFAP298
ENST00000435600	ENSG00000228433	OR7E23P
ENST00000411943	ENSG00000238220	AP000275
ENST00000357345	ENSG00000159082	SYNJ1
ENST00000382491	ENSG00000159082	SYNJ1
ENST00000438952	ENSG00000159082	SYNJ1
ENST00000630077	ENSG00000159082	SYNJ1
ENST00000382499	ENSG00000159082	SYNJ1
ENST00000433931	ENSG00000159082	SYNJ1
ENST00000418301	ENSG00000159082	SYNJ1
ENST00000467445	ENSG00000159082	SYNJ1
ENST00000464778	ENSG00000159082	SYNJ1
ENST00000429236	ENSG00000159082	SYNJ1
ENST00000456084	ENSG00000159082	SYNJ1
ENST00000458479	ENSG00000238197	PAXBP1-AS1
ENST00000440052	ENSG00000238197	PAXBP1-AS1
ENST00000455170	ENSG00000238197	PAXBP1-AS1
ENST00000331923	ENSG00000159086	PAXBP1
ENST00000466846	ENSG00000159086	PAXBP1
ENST00000443785	ENSG00000159086	PAXBP1
ENST00000497873	ENSG00000159086	PAXBP1
ENST00000290178	ENSG00000159086	PAXBP1
ENST00000445049	ENSG00000159086	PAXBP1
ENST00000421049	ENSG00000159086	PAXBP1
ENST00000472588	ENSG00000159086	PAXBP1
ENST00000464256	ENSG00000159086	PAXBP1
ENST00000382375	ENSG00000205930	C21orf62-AS1
ENST00000382377	ENSG00000205930	C21orf62-AS1
ENST00000454365	ENSG00000205930	C21orf62-AS1
ENST00000612326	ENSG00000205930	C21orf62-AS1
ENST00000382378	ENSG00000205930	C21orf62-AS1
ENST00000491756	ENSG00000205930	C21orf62-AS1
ENST00000477513	ENSG00000205930	C21orf62-AS1
ENST00000624800	ENSG00000279690	AP000280
ENST00000490358	ENSG00000205929	C21orf62
ENST00000487113	ENSG00000205929	C21orf62
ENST00000382373	ENSG00000205929	C21orf62
ENST00000479548	ENSG00000205929	C21orf62
ENST00000444036	ENSG00000224427	AP000281
ENST00000384370	ENSG00000207098	RF00156
ENST00000427911	ENSG00000232360	AP000281
ENST00000454622	ENSG00000227757	AP000282
ENST00000424837	ENSG00000228961	LINC01690
ENST00000382357	ENSG00000205927	OLIG2
ENST00000430860	ENSG00000205927	OLIG2
ENST00000333337	ENSG00000205927	OLIG2
ENST00000453716	ENSG00000232539	LINC00945
ENST00000382348	ENSG00000184221	OLIG1
ENST00000426947	ENSG00000184221	OLIG1
ENST00000498799	ENSG00000184221	OLIG1
ENST00000421051	ENSG00000226527	AP000289
ENST00000450830	ENSG00000226433	AP000290
ENST00000451980	ENSG00000229086	LINC01548
ENST00000637328	ENSG00000229086	LINC01548
ENST00000382264	ENSG00000159110	IFNAR2
ENST00000404220	ENSG00000159110	IFNAR2
ENST00000342136	ENSG00000159110	IFNAR2
ENST00000420068	ENSG00000159110	IFNAR2
ENST00000342101	ENSG00000159110	IFNAR2
ENST00000382238	ENSG00000159110	IFNAR2
ENST00000413881	ENSG00000159110	IFNAR2
ENST00000443073	ENSG00000159110	IFNAR2
ENST00000447980	ENSG00000159110	IFNAR2
ENST00000417007	ENSG00000159110	IFNAR2
ENST00000646150	ENSG00000249624	AP000295
ENST00000433395	ENSG00000249624	AP000295
ENST00000432231	ENSG00000249624	AP000295
ENST00000411998	ENSG00000223799	IL10RB-DT
ENST00000290200	ENSG00000243646	IL10RB
ENST00000422891	ENSG00000243646	IL10RB
ENST00000493295	ENSG00000243646	IL10RB
ENST00000498371	ENSG00000243646	IL10RB
ENST00000451065	ENSG00000243646	IL10RB
ENST00000609556	ENSG00000243646	IL10RB
ENST00000637650	ENSG00000243646	IL10RB
ENST00000493503	ENSG00000142166	IFNAR1
ENST00000270139	ENSG00000142166	IFNAR1
ENST00000442071	ENSG00000142166	IFNAR1
ENST00000451645	ENSG00000226501	USF1P1
ENST00000290219	ENSG00000159128	IFNGR2
ENST00000439213	ENSG00000159128	IFNGR2
ENST00000381995	ENSG00000159128	IFNGR2
ENST00000545369	ENSG00000159128	IFNGR2
ENST00000405436	ENSG00000159128	IFNGR2
ENST00000421802	ENSG00000159128	IFNGR2
ENST00000484377	ENSG00000142188	TMEM50B
ENST00000420455	ENSG00000142188	TMEM50B
ENST00000470682	ENSG00000142188	TMEM50B
ENST00000468874	ENSG00000142188	TMEM50B
ENST00000542230	ENSG00000142188	TMEM50B
ENST00000441128	ENSG00000142188	TMEM50B
ENST00000442441	ENSG00000142188	TMEM50B
ENST00000474272	ENSG00000142188	TMEM50B
ENST00000432504	ENSG00000142188	TMEM50B
ENST00000459909	ENSG00000142188	TMEM50B
ENST00000414617	ENSG00000215088	RPS5P3
ENST00000450928	ENSG00000231355	AP000302
ENST00000617313	ENSG00000177692	DNAJC28
ENST00000381947	ENSG00000177692	DNAJC28
ENST00000314399	ENSG00000177692	DNAJC28
ENST00000402202	ENSG00000177692	DNAJC28
ENST00000381815	ENSG00000159131	GART
ENST00000381831	ENSG00000159131	GART
ENST00000381839	ENSG00000159131	GART
ENST00000424203	ENSG00000159131	GART
ENST00000482663	ENSG00000159131	GART
ENST00000487155	ENSG00000159131	GART
ENST00000460305	ENSG00000159131	GART
ENST00000467575	ENSG00000159131	GART
ENST00000361093	ENSG00000159131	GART
ENST00000366093	ENSG00000159131	GART
ENST00000466882	ENSG00000159131	GART
ENST00000497313	ENSG00000159131	GART
ENST00000430874	ENSG00000159131	GART
ENST00000426819	ENSG00000159131	GART
ENST00000476524	ENSG00000159131	GART
ENST00000488791	ENSG00000159131	GART
ENST00000438059	ENSG00000159131	GART
ENST00000441403	ENSG00000159131	GART
ENST00000448054	ENSG00000233956	BTF3P6
ENST00000356577	ENSG00000159140	SON
ENST00000475072	ENSG00000159140	SON
ENST00000381692	ENSG00000159140	SON
ENST00000300278	ENSG00000159140	SON
ENST00000455528	ENSG00000159140	SON
ENST00000381679	ENSG00000159140	SON
ENST00000492229	ENSG00000159140	SON
ENST00000436227	ENSG00000159140	SON
ENST00000421541	ENSG00000159140	SON
ENST00000429093	ENSG00000159140	SON
ENST00000474355	ENSG00000159140	SON
ENST00000457208	ENSG00000159140	SON
ENST00000467616	ENSG00000159140	SON
ENST00000484294	ENSG00000159140	SON
ENST00000473102	ENSG00000159140	SON
ENST00000470533	ENSG00000159140	SON
ENST00000478183	ENSG00000159140	SON
ENST00000465834	ENSG00000159140	SON
ENST00000477419	ENSG00000159140	SON
ENST00000491794	ENSG00000159140	SON
ENST00000290239	ENSG00000284448	MIR6501
ENST00000439593	ENSG00000159147	DONSON
ENST00000303113	ENSG00000159147	DONSON
ENST00000453626	ENSG00000159147	DONSON
ENST00000457359	ENSG00000159147	DONSON
ENST00000303071	ENSG00000159147	DONSON
ENST00000417871	ENSG00000159147	DONSON
ENST00000460557	ENSG00000159147	DONSON
ENST00000442660	ENSG00000159147	DONSON
ENST00000444517	ENSG00000159147	DONSON
ENST00000437395	ENSG00000159147	DONSON
ENST00000432378	ENSG00000159147	DONSON
ENST00000440810	ENSG00000159147	DONSON
ENST00000462566	ENSG00000159147	DONSON
ENST00000429238	ENSG00000249209	AP000311
ENST00000381554	ENSG00000205758	CRYZL1
ENST00000290244	ENSG00000205758	CRYZL1
ENST00000468349	ENSG00000205758	CRYZL1
ENST00000381540	ENSG00000205758	CRYZL1
ENST00000452420	ENSG00000205758	CRYZL1
ENST00000441940	ENSG00000205758	CRYZL1
ENST00000480893	ENSG00000205758	CRYZL1
ENST00000445393	ENSG00000205758	CRYZL1
ENST00000437996	ENSG00000205758	CRYZL1
ENST00000361534	ENSG00000205758	CRYZL1
ENST00000429827	ENSG00000205758	CRYZL1
ENST00000420072	ENSG00000205758	CRYZL1
ENST00000440526	ENSG00000205758	CRYZL1
ENST00000479964	ENSG00000205758	CRYZL1
ENST00000414079	ENSG00000205758	CRYZL1
ENST00000426935	ENSG00000205758	CRYZL1
ENST00000431177	ENSG00000205758	CRYZL1
ENST00000488167	ENSG00000205758	CRYZL1
ENST00000417979	ENSG00000205758	CRYZL1
ENST00000490714	ENSG00000205758	CRYZL1
ENST00000413017	ENSG00000205758	CRYZL1
ENST00000438788	ENSG00000205758	CRYZL1
ENST00000399442	ENSG00000205758	CRYZL1
ENST00000399353	ENSG00000205726	ITSN1
ENST00000444491	ENSG00000205726	ITSN1
ENST00000470742	ENSG00000205726	ITSN1
ENST00000381318	ENSG00000205726	ITSN1
ENST00000381291	ENSG00000205726	ITSN1
ENST00000381285	ENSG00000205726	ITSN1
ENST00000399367	ENSG00000205726	ITSN1
ENST00000399352	ENSG00000205726	ITSN1
ENST00000399355	ENSG00000205726	ITSN1
ENST00000399349	ENSG00000205726	ITSN1
ENST00000451686	ENSG00000205726	ITSN1
ENST00000381283	ENSG00000205726	ITSN1
ENST00000399338	ENSG00000205726	ITSN1
ENST00000456489	ENSG00000205726	ITSN1
ENST00000379960	ENSG00000205726	ITSN1
ENST00000488166	ENSG00000205726	ITSN1
ENST00000474132	ENSG00000205726	ITSN1
ENST00000419241	ENSG00000205726	ITSN1
ENST00000440794	ENSG00000205726	ITSN1
ENST00000465143	ENSG00000205726	ITSN1
ENST00000487427	ENSG00000205726	ITSN1
ENST00000437126	ENSG00000205726	ITSN1
ENST00000428240	ENSG00000205726	ITSN1
ENST00000462212	ENSG00000205726	ITSN1
ENST00000472548	ENSG00000205726	ITSN1
ENST00000479424	ENSG00000205726	ITSN1
ENST00000475422	ENSG00000205726	ITSN1
ENST00000489261	ENSG00000205726	ITSN1
ENST00000495656	ENSG00000205726	ITSN1
ENST00000381284	ENSG00000205726	ITSN1
ENST00000420666	ENSG00000205726	ITSN1
ENST00000415023	ENSG00000205726	ITSN1
ENST00000431254	ENSG00000241837	ATP5PO
ENST00000491703	ENSG00000241837	ATP5PO
ENST00000290299	ENSG00000241837	ATP5PO
ENST00000417181	ENSG00000241837	ATP5PO
ENST00000418933	ENSG00000241837	ATP5PO
ENST00000429064	ENSG00000241837	ATP5PO
ENST00000495005	ENSG00000241837	ATP5PO
ENST00000484627	ENSG00000241837	ATP5PO
ENST00000496044	ENSG00000241837	ATP5PO
ENST00000487374	ENSG00000241837	ATP5PO
ENST00000596365	ENSG00000237945	LINC00649
ENST00000597626	ENSG00000237945	LINC00649
ENST00000616030	ENSG00000237945	LINC00649
ENST00000610236	ENSG00000237945	LINC00649
ENST00000601471	ENSG00000237945	LINC00649
ENST00000427447	ENSG00000237945	LINC00649
ENST00000599421	ENSG00000237945	LINC00649
ENST00000400353	ENSG00000237945	LINC00649
ENST00000622171	ENSG00000237945	LINC00649
ENST00000628906	ENSG00000237945	LINC00649
ENST00000594752	ENSG00000237945	LINC00649
ENST00000594370	ENSG00000237945	LINC00649
ENST00000595747	ENSG00000237945	LINC00649
ENST00000608431	ENSG00000237945	LINC00649
ENST00000593977	ENSG00000237945	LINC00649
ENST00000600155	ENSG00000237945	LINC00649
ENST00000381181	ENSG00000237945	LINC00649
ENST00000620580	ENSG00000237945	LINC00649
ENST00000613667	ENSG00000237945	LINC00649
ENST00000609132	ENSG00000237945	LINC00649
ENST00000467060	ENSG00000244294	RN7SL740P
ENST00000607953	ENSG00000273102	AP000569
ENST00000488492	ENSG00000243927	MRPS6
ENST00000399312	ENSG00000243927	MRPS6
ENST00000477091	ENSG00000243927	MRPS6
ENST00000483977	ENSG00000243927	MRPS6
ENST00000482679	ENSG00000243927	MRPS6
ENST00000381151	ENSG00000198743	SLC5A3
ENST00000362077	ENSG00000272657	AP000317
ENST00000415238	ENSG00000224598	RPS5P2
ENST00000630751	ENSG00000227456	LINC00310
ENST00000430922	ENSG00000227456	LINC00310
ENST00000428914	ENSG00000227456	LINC00310
ENST00000609062	ENSG00000227456	LINC00310
ENST00000609947	ENSG00000227456	LINC00310
ENST00000416145	ENSG00000227456	LINC00310
ENST00000419881	ENSG00000227456	LINC00310
ENST00000619549	ENSG00000227456	LINC00310
ENST00000427022	ENSG00000214955	AP000317
ENST00000290310	ENSG00000159197	KCNE2
ENST00000440403	ENSG00000225555	AP000320
ENST00000481710	ENSG00000205670	SMIM11A
ENST00000399292	ENSG00000205670	SMIM11A
ENST00000399299	ENSG00000205670	SMIM11A
ENST00000489469	ENSG00000205670	SMIM11A
ENST00000495363	ENSG00000205670	SMIM11A
ENST00000474455	ENSG00000205670	SMIM11A
ENST00000399295	ENSG00000205670	SMIM11A
ENST00000410005	ENSG00000222018	FAM243A
ENST00000608665	ENSG00000273104	AP000322
ENST00000450895	ENSG00000243627	SMIM34A
ENST00000608289	ENSG00000272958	AP000322
ENST00000432085	ENSG00000180509	KCNE1
ENST00000621601	ENSG00000180509	KCNE1
ENST00000611936	ENSG00000180509	KCNE1
ENST00000337385	ENSG00000180509	KCNE1
ENST00000399289	ENSG00000180509	KCNE1
ENST00000399286	ENSG00000180509	KCNE1
ENST00000416357	ENSG00000180509	KCNE1
ENST00000399284	ENSG00000180509	KCNE1
ENST00000489175	ENSG00000180509	KCNE1
ENST00000408471	ENSG00000221398	RF00614
ENST00000487434	ENSG00000159200	RCAN1
ENST00000620920	ENSG00000159200	RCAN1
ENST00000381135	ENSG00000159200	RCAN1
ENST00000443408	ENSG00000159200	RCAN1
ENST00000482533	ENSG00000159200	RCAN1
ENST00000481448	ENSG00000159200	RCAN1
ENST00000381132	ENSG00000159200	RCAN1
ENST00000487990	ENSG00000159200	RCAN1
ENST00000399272	ENSG00000159200	RCAN1
ENST00000489903	ENSG00000159200	RCAN1
ENST00000313806	ENSG00000159200	RCAN1
ENST00000492600	ENSG00000159200	RCAN1
ENST00000609325	ENSG00000159200	RCAN1
ENST00000463276	ENSG00000159200	RCAN1
ENST00000349499	ENSG00000159212	CLIC6
ENST00000360731	ENSG00000159212	CLIC6
ENST00000430635	ENSG00000230978	LINC00160
ENST00000420877	ENSG00000234380	LINC01426
ENST00000419921	ENSG00000234380	LINC01426
ENST00000344691	ENSG00000159216	RUNX1
ENST00000437180	ENSG00000159216	RUNX1
ENST00000300305	ENSG00000159216	RUNX1
ENST00000482318	ENSG00000159216	RUNX1
ENST00000399240	ENSG00000159216	RUNX1
ENST00000479325	ENSG00000159216	RUNX1
ENST00000358356	ENSG00000159216	RUNX1
ENST00000469087	ENSG00000159216	RUNX1
ENST00000399237	ENSG00000159216	RUNX1
ENST00000467577	ENSG00000159216	RUNX1
ENST00000455571	ENSG00000159216	RUNX1
ENST00000475045	ENSG00000159216	RUNX1
ENST00000416754	ENSG00000159216	RUNX1
ENST00000468726	ENSG00000159216	RUNX1
ENST00000467692	ENSG00000159216	RUNX1
ENST00000494829	ENSG00000159216	RUNX1
ENST00000460207	ENSG00000159216	RUNX1
ENST00000455028	ENSG00000234703	AF015262
ENST00000421454	ENSG00000223671	RPL34P3
ENST00000431167	ENSG00000231300	EZH2P1
ENST00000412240	ENSG00000230794	AF015720
ENST00000390235	ENSG00000211590	MIR802
ENST00000434853	ENSG00000229761	RPS20P1
ENST00000440405	ENSG00000234008	PPP1R2P2
ENST00000457157	ENSG00000231106	LINC01436
ENST00000453844	ENSG00000214914	RPL23AP3
ENST00000399215	ENSG00000185917	SETD4
ENST00000481477	ENSG00000185917	SETD4
ENST00000399212	ENSG00000185917	SETD4
ENST00000332131	ENSG00000185917	SETD4
ENST00000487297	ENSG00000185917	SETD4
ENST00000469482	ENSG00000185917	SETD4
ENST00000399205	ENSG00000185917	SETD4
ENST00000399208	ENSG00000185917	SETD4
ENST00000399201	ENSG00000185917	SETD4
ENST00000399207	ENSG00000185917	SETD4
ENST00000424303	ENSG00000185917	SETD4
ENST00000429161	ENSG00000185917	SETD4
ENST00000485865	ENSG00000185917	SETD4
ENST00000446166	ENSG00000185917	SETD4
ENST00000442559	ENSG00000185917	SETD4
ENST00000460704	ENSG00000185917	SETD4
ENST00000443703	ENSG00000185917	SETD4
ENST00000408914	ENSG00000189089	RIMKLBP1
ENST00000436303	ENSG00000236677	AP000688
ENST00000363343	ENSG00000200213	RNU6-992P
ENST00000535199	ENSG00000230212	AP000688
ENST00000415147	ENSG00000230212	AP000688
ENST00000466328	ENSG00000159228	CBR1
ENST00000290349	ENSG00000159228	CBR1
ENST00000530908	ENSG00000159228	CBR1
ENST00000439427	ENSG00000159228	CBR1
ENST00000399191	ENSG00000159228	CBR1
ENST00000445464	ENSG00000236119	AP000688
ENST00000422473	ENSG00000233393	AP000688
ENST00000452572	ENSG00000226054	MEMO1P1
ENST00000453159	ENSG00000236830	CBR3-AS1
ENST00000413862	ENSG00000236830	CBR3-AS1
ENST00000608690	ENSG00000236830	CBR3-AS1
ENST00000608622	ENSG00000236830	CBR3-AS1
ENST00000608632	ENSG00000236830	CBR3-AS1
ENST00000609192	ENSG00000236830	CBR3-AS1
ENST00000608641	ENSG00000236830	CBR3-AS1
ENST00000625189	ENSG00000236830	CBR3-AS1
ENST00000625079	ENSG00000236830	CBR3-AS1
ENST00000623579	ENSG00000236830	CBR3-AS1
ENST00000623638	ENSG00000236830	CBR3-AS1
ENST00000624080	ENSG00000236830	CBR3-AS1
ENST00000624086	ENSG00000236830	CBR3-AS1
ENST00000624883	ENSG00000236830	CBR3-AS1
ENST00000623647	ENSG00000236830	CBR3-AS1
ENST00000623484	ENSG00000236830	CBR3-AS1
ENST00000427491	ENSG00000236830	CBR3-AS1
ENST00000432988	ENSG00000236830	CBR3-AS1
ENST00000419943	ENSG00000214889	RPS9P1
ENST00000290354	ENSG00000159231	CBR3
ENST00000270190	ENSG00000142197	DOP1B
ENST00000399151	ENSG00000142197	DOP1B
ENST00000492760	ENSG00000142197	DOP1B
ENST00000463668	ENSG00000142197	DOP1B
ENST00000437106	ENSG00000228149	RPL3P1
ENST00000399149	ENSG00000214867	SRSF9P1
ENST00000608391	ENSG00000273199	AP000692
ENST00000492336	ENSG00000159256	MORC3
ENST00000400485	ENSG00000159256	MORC3
ENST00000487909	ENSG00000159256	MORC3
ENST00000485933	ENSG00000159256	MORC3
ENST00000485299	ENSG00000159256	MORC3
ENST00000484028	ENSG00000159256	MORC3
ENST00000546482	ENSG00000159256	MORC3
ENST00000547657	ENSG00000159256	MORC3
ENST00000549948	ENSG00000159256	MORC3
ENST00000551367	ENSG00000159256	MORC3
ENST00000551788	ENSG00000159256	MORC3
ENST00000552581	ENSG00000159256	MORC3
ENST00000397184	ENSG00000228107	AP000692
ENST00000314103	ENSG00000159259	CHAF1B
ENST00000480486	ENSG00000159259	CHAF1B
ENST00000481458	ENSG00000159259	CHAF1B
ENST00000444161	ENSG00000224421	ATP5MFP1
ENST00000429588	ENSG00000230479	AP000695
ENST00000428667	ENSG00000233818	AP000695
ENST00000454980	ENSG00000233818	AP000695
ENST00000399139	ENSG00000159261	CLDN14
ENST00000399135	ENSG00000159261	CLDN14
ENST00000399137	ENSG00000159261	CLDN14
ENST00000399136	ENSG00000159261	CLDN14
ENST00000342108	ENSG00000159261	CLDN14
ENST00000478313	ENSG00000159261	CLDN14
ENST00000624669	ENSG00000279365	AP000695
ENST00000433951	ENSG00000223741	PSMD4P1
ENST00000457669	ENSG00000231324	AP000696
ENST00000430607	ENSG00000224269	AP000697
ENST00000460783	ENSG00000159263	SIM2
ENST00000481185	ENSG00000159263	SIM2
ENST00000290399	ENSG00000159263	SIM2
ENST00000431229	ENSG00000159263	SIM2
ENST00000483178	ENSG00000159263	SIM2
ENST00000612277	ENSG00000159267	HLCS
ENST00000336648	ENSG00000159267	HLCS
ENST00000399120	ENSG00000159267	HLCS
ENST00000482273	ENSG00000159267	HLCS
ENST00000448340	ENSG00000159267	HLCS
ENST00000419461	ENSG00000159267	HLCS
ENST00000427746	ENSG00000159267	HLCS
ENST00000434195	ENSG00000237646	HLCS-IT1
ENST00000362936	ENSG00000199806	RNA5SP491
ENST00000604662	ENSG00000270652	DPRXP5
ENST00000637940	ENSG00000224790	AP000704
ENST00000430068	ENSG00000224790	AP000704
ENST00000384685	ENSG00000207416	RF00019
ENST00000400819	ENSG00000215734	MRPL20P1
ENST00000485272	ENSG00000183145	RIPPLY3
ENST00000490393	ENSG00000183145	RIPPLY3
ENST00000329553	ENSG00000183145	RIPPLY3
ENST00000390834	ENSG00000212136	RNU6-696P
ENST00000360525	ENSG00000185808	PIGP
ENST00000464265	ENSG00000185808	PIGP
ENST00000329667	ENSG00000185808	PIGP
ENST00000399102	ENSG00000185808	PIGP
ENST00000399103	ENSG00000185808	PIGP
ENST00000399098	ENSG00000185808	PIGP
ENST00000479152	ENSG00000185808	PIGP
ENST00000430792	ENSG00000185808	PIGP
ENST00000492275	ENSG00000182670	TTC3
ENST00000418766	ENSG00000182670	TTC3
ENST00000485402	ENSG00000182670	TTC3
ENST00000450533	ENSG00000182670	TTC3
ENST00000438055	ENSG00000182670	TTC3
ENST00000355666	ENSG00000182670	TTC3
ENST00000463216	ENSG00000182670	TTC3
ENST00000481605	ENSG00000182670	TTC3
ENST00000494243	ENSG00000182670	TTC3
ENST00000540756	ENSG00000182670	TTC3
ENST00000399010	ENSG00000182670	TTC3
ENST00000399017	ENSG00000182670	TTC3
ENST00000484047	ENSG00000182670	TTC3
ENST00000354749	ENSG00000182670	TTC3
ENST00000479930	ENSG00000182670	TTC3
ENST00000460328	ENSG00000182670	TTC3
ENST00000491952	ENSG00000182670	TTC3
ENST00000476784	ENSG00000182670	TTC3
ENST00000414818	ENSG00000182670	TTC3
ENST00000411496	ENSG00000182670	TTC3
ENST00000487711	ENSG00000182670	TTC3
ENST00000472398	ENSG00000182670	TTC3
ENST00000469939	ENSG00000182670	TTC3
ENST00000428693	ENSG00000182670	TTC3
ENST00000488522	ENSG00000182670	TTC3
ENST00000602568	ENSG00000270116	AP001429
ENST00000424733	ENSG00000228677	TTC3-AS1
ENST00000581640	ENSG00000230366	DSCR9
ENST00000578829	ENSG00000230366	DSCR9
ENST00000585273	ENSG00000230366	DSCR9
ENST00000584840	ENSG00000230366	DSCR9
ENST00000454482	ENSG00000230366	DSCR9
ENST00000579533	ENSG00000263969	RN7SL678P
ENST00000440629	ENSG00000242553	AP001432
ENST00000497493	ENSG00000157538	VPS26C
ENST00000309117	ENSG00000157538	VPS26C
ENST00000399000	ENSG00000157538	VPS26C
ENST00000399001	ENSG00000157538	VPS26C
ENST00000476950	ENSG00000157538	VPS26C
ENST00000488368	ENSG00000157538	VPS26C
ENST00000398998	ENSG00000157538	VPS26C
ENST00000495858	ENSG00000157538	VPS26C
ENST00000480452	ENSG00000157538	VPS26C
ENST00000475009	ENSG00000157538	VPS26C
ENST00000492514	ENSG00000157538	VPS26C
ENST00000462467	ENSG00000157538	VPS26C
ENST00000498789	ENSG00000157538	VPS26C
ENST00000608405	ENSG00000272948	AP001412
ENST00000608783	ENSG00000273210	AP001437
ENST00000646523	ENSG00000157540	DYRK1A
ENST00000647425	ENSG00000157540	DYRK1A
ENST00000647504	ENSG00000157540	DYRK1A
ENST00000644942	ENSG00000157540	DYRK1A
ENST00000647188	ENSG00000157540	DYRK1A
ENST00000338785	ENSG00000157540	DYRK1A
ENST00000643624	ENSG00000157540	DYRK1A
ENST00000643551	ENSG00000157540	DYRK1A
ENST00000426672	ENSG00000157540	DYRK1A
ENST00000398960	ENSG00000157540	DYRK1A
ENST00000339659	ENSG00000157540	DYRK1A
ENST00000646548	ENSG00000157540	DYRK1A
ENST00000455097	ENSG00000157540	DYRK1A
ENST00000643854	ENSG00000157540	DYRK1A
ENST00000645424	ENSG00000157540	DYRK1A
ENST00000642309	ENSG00000157540	DYRK1A
ENST00000645774	ENSG00000157540	DYRK1A
ENST00000398956	ENSG00000157540	DYRK1A
ENST00000462274	ENSG00000157540	DYRK1A
ENST00000643355	ENSG00000157540	DYRK1A
ENST00000643808	ENSG00000157540	DYRK1A
ENST00000644367	ENSG00000157540	DYRK1A
ENST00000646224	ENSG00000157540	DYRK1A
ENST00000646351	ENSG00000157540	DYRK1A
ENST00000609713	ENSG00000157542	KCNJ6
ENST00000645093	ENSG00000157542	KCNJ6
ENST00000435001	ENSG00000233213	KCNJ6-AS1
ENST00000398948	ENSG00000184029	DSCR4
ENST00000328264	ENSG00000184029	DSCR4
ENST00000482032	ENSG00000184029	DSCR4
ENST00000417138	ENSG00000223608	DSCR4-IT1
ENST00000478613	ENSG00000198054	DSCR8
ENST00000357704	ENSG00000198054	DSCR8
ENST00000400477	ENSG00000198054	DSCR8
ENST00000465532	ENSG00000198054	DSCR8
ENST00000469658	ENSG00000198054	DSCR8
ENST00000495344	ENSG00000198054	DSCR8
ENST00000614538	ENSG00000198054	DSCR8
ENST00000472602	ENSG00000157551	KCNJ15
ENST00000549158	ENSG00000157551	KCNJ15
ENST00000547341	ENSG00000157551	KCNJ15
ENST00000547595	ENSG00000157551	KCNJ15
ENST00000548700	ENSG00000157551	KCNJ15
ENST00000549805	ENSG00000157551	KCNJ15
ENST00000549932	ENSG00000157551	KCNJ15
ENST00000551422	ENSG00000157551	KCNJ15
ENST00000612702	ENSG00000157551	KCNJ15
ENST00000613499	ENSG00000157551	KCNJ15
ENST00000398925	ENSG00000157551	KCNJ15
ENST00000398928	ENSG00000157551	KCNJ15
ENST00000328656	ENSG00000157551	KCNJ15
ENST00000443341	ENSG00000157551	KCNJ15
ENST00000417042	ENSG00000157551	KCNJ15
ENST00000398938	ENSG00000157551	KCNJ15
ENST00000398932	ENSG00000157551	KCNJ15
ENST00000438657	ENSG00000157551	KCNJ15
ENST00000398934	ENSG00000157551	KCNJ15
ENST00000398930	ENSG00000157551	KCNJ15
ENST00000398927	ENSG00000157551	KCNJ15
ENST00000419868	ENSG00000157551	KCNJ15
ENST00000632732	ENSG00000270835	AP001425
ENST00000605450	ENSG00000270835	AP001425
ENST00000432141	ENSG00000233316	DSCR10
ENST00000444977	ENSG00000226012	AP001434
ENST00000423089	ENSG00000231123	SPATA20P1
ENST00000414189	ENSG00000231231	LINC01423
ENST00000436845	ENSG00000231231	LINC01423
ENST00000398905	ENSG00000157554	ERG
ENST00000398907	ENSG00000157554	ERG
ENST00000288319	ENSG00000157554	ERG
ENST00000398897	ENSG00000157554	ERG
ENST00000398911	ENSG00000157554	ERG
ENST00000398910	ENSG00000157554	ERG
ENST00000417133	ENSG00000157554	ERG
ENST00000442448	ENSG00000157554	ERG
ENST00000453032	ENSG00000157554	ERG
ENST00000398919	ENSG00000157554	ERG
ENST00000481609	ENSG00000157554	ERG
ENST00000492833	ENSG00000157554	ERG
ENST00000429727	ENSG00000157554	ERG
ENST00000468474	ENSG00000157554	ERG
ENST00000473107	ENSG00000157554	ERG
ENST00000485493	ENSG00000157554	ERG
ENST00000442212	ENSG00000231480	SNRPGP13
ENST00000448579	ENSG00000223806	LINC00114
ENST00000411989	ENSG00000223806	LINC00114
ENST00000429621	ENSG00000223806	LINC00114
ENST00000360214	ENSG00000157557	ETS2
ENST00000360938	ENSG00000157557	ETS2
ENST00000432278	ENSG00000157557	ETS2
ENST00000456966	ENSG00000157557	ETS2
ENST00000416842	ENSG00000229986	AP001042
ENST00000626259	ENSG00000205622	AP001043
ENST00000380931	ENSG00000205622	AP001043
ENST00000415824	ENSG00000205622	AP001043
ENST00000440379	ENSG00000205622	AP001043
ENST00000623098	ENSG00000205622	AP001043
ENST00000613045	ENSG00000205622	AP001043
ENST00000615324	ENSG00000205622	AP001043
ENST00000434589	ENSG00000229925	AP001043
ENST00000606322	ENSG00000272015	RF00091
ENST00000451820	ENSG00000227721	RPSAP64
ENST00000433952	ENSG00000232837	LINC01700
ENST00000417335	ENSG00000235888	AF064858
ENST00000419664	ENSG00000237721	AF064858
ENST00000440714	ENSG00000237609	AF064858
ENST00000467573	ENSG00000228861	RPL23AP12
ENST00000437262	ENSG00000235701	PCBP2P1
ENST00000616808	ENSG00000276873	RF02271
ENST00000331573	ENSG00000183527	PSMG1
ENST00000481921	ENSG00000183527	PSMG1
ENST00000411828	ENSG00000183527	PSMG1
ENST00000431628	ENSG00000183527	PSMG1
ENST00000380900	ENSG00000183527	PSMG1
ENST00000333229	ENSG00000185658	BRWD1
ENST00000446924	ENSG00000185658	BRWD1
ENST00000342449	ENSG00000185658	BRWD1
ENST00000380800	ENSG00000185658	BRWD1
ENST00000491564	ENSG00000185658	BRWD1
ENST00000424441	ENSG00000185658	BRWD1
ENST00000473813	ENSG00000185658	BRWD1
ENST00000430093	ENSG00000185658	BRWD1
ENST00000445245	ENSG00000185658	BRWD1
ENST00000445668	ENSG00000185658	BRWD1
ENST00000412604	ENSG00000185658	BRWD1
ENST00000455867	ENSG00000185658	BRWD1
ENST00000496759	ENSG00000185658	BRWD1
ENST00000341322	ENSG00000185658	BRWD1
ENST00000470108	ENSG00000185658	BRWD1
ENST00000484090	ENSG00000185658	BRWD1
ENST00000608767	ENSG00000272991	AF129408
ENST00000419324	ENSG00000232608	TIMM9P2
ENST00000435608	ENSG00000237373	BRWD1-IT1
ENST00000438852	ENSG00000229623	METTL21AP1
ENST00000603064	ENSG00000255568	BRWD1-AS2
ENST00000423274	ENSG00000238141	BRWD1-AS1
ENST00000288344	ENSG00000205581	HMGN1
ENST00000486741	ENSG00000205581	HMGN1
ENST00000431390	ENSG00000205581	HMGN1
ENST00000380749	ENSG00000205581	HMGN1
ENST00000492280	ENSG00000205581	HMGN1
ENST00000436324	ENSG00000205581	HMGN1
ENST00000380748	ENSG00000205581	HMGN1
ENST00000419378	ENSG00000205581	HMGN1
ENST00000489072	ENSG00000205581	HMGN1
ENST00000482192	ENSG00000205581	HMGN1
ENST00000380747	ENSG00000205581	HMGN1
ENST00000485550	ENSG00000205581	HMGN1
ENST00000490032	ENSG00000205581	HMGN1
ENST00000443046	ENSG00000205581	HMGN1
ENST00000464078	ENSG00000205581	HMGN1
ENST00000491183	ENSG00000205581	HMGN1
ENST00000479586	ENSG00000205581	HMGN1
ENST00000471260	ENSG00000205581	HMGN1
ENST00000482733	ENSG00000205581	HMGN1
ENST00000463631	ENSG00000205581	HMGN1
ENST00000517106	ENSG00000252915	RF00019
ENST00000444889	ENSG00000227406	RNF6P1
ENST00000415847	ENSG00000182093	WRB
ENST00000647678	ENSG00000182093	WRB
ENST00000650376	ENSG00000182093	WRB
ENST00000333781	ENSG00000182093	WRB
ENST00000649170	ENSG00000182093	WRB
ENST00000623703	ENSG00000182093	WRB
ENST00000647911	ENSG00000182093	WRB
ENST00000649100	ENSG00000182093	WRB
ENST00000487869	ENSG00000182093	WRB
ENST00000471468	ENSG00000182093	WRB
ENST00000649224	ENSG00000182093	WRB
ENST00000398753	ENSG00000182093	WRB
ENST00000649822	ENSG00000182093	WRB
ENST00000442773	ENSG00000182093	WRB
ENST00000380713	ENSG00000182093	WRB
ENST00000380708	ENSG00000182093	WRB
ENST00000466787	ENSG00000182093	WRB
ENST00000649499	ENSG00000182093	WRB
ENST00000650208	ENSG00000182093	WRB
ENST00000490860	ENSG00000182093	WRB
ENST00000478273	ENSG00000182093	WRB
ENST00000648495	ENSG00000182093	WRB
ENST00000476914	ENSG00000182093	WRB
ENST00000480690	ENSG00000182093	WRB
ENST00000647779	ENSG00000285815	WRB-SH3BGR
ENST00000648253	ENSG00000285815	WRB-SH3BGR
ENST00000380671	ENSG00000157578	LCA5L
ENST00000288350	ENSG00000157578	LCA5L
ENST00000358268	ENSG00000157578	LCA5L
ENST00000495240	ENSG00000157578	LCA5L
ENST00000484878	ENSG00000157578	LCA5L
ENST00000485895	ENSG00000157578	LCA5L
ENST00000491625	ENSG00000157578	LCA5L
ENST00000459939	ENSG00000157578	LCA5L
ENST00000490184	ENSG00000157578	LCA5L
ENST00000418018	ENSG00000157578	LCA5L
ENST00000466954	ENSG00000157578	LCA5L
ENST00000448288	ENSG00000157578	LCA5L
ENST00000434281	ENSG00000157578	LCA5L
ENST00000438404	ENSG00000157578	LCA5L
ENST00000411566	ENSG00000157578	LCA5L
ENST00000468009	ENSG00000157578	LCA5L
ENST00000415863	ENSG00000157578	LCA5L
ENST00000426783	ENSG00000157578	LCA5L
ENST00000456017	ENSG00000157578	LCA5L
ENST00000451131	ENSG00000157578	LCA5L
ENST00000480612	ENSG00000157578	LCA5L
ENST00000380637	ENSG00000185437	SH3BGR
ENST00000380634	ENSG00000185437	SH3BGR
ENST00000458295	ENSG00000185437	SH3BGR
ENST00000440288	ENSG00000185437	SH3BGR
ENST00000380631	ENSG00000185437	SH3BGR
ENST00000333634	ENSG00000185437	SH3BGR
ENST00000452550	ENSG00000185437	SH3BGR
ENST00000423596	ENSG00000185437	SH3BGR
ENST00000447939	ENSG00000185437	SH3BGR
ENST00000611656	ENSG00000275523	MIR6508
ENST00000450079	ENSG00000235808	MYL6P2
ENST00000431743	ENSG00000228349	RPS26P4
ENST00000411867	ENSG00000235012	AF121897
ENST00000380620	ENSG00000183778	B3GALT5
ENST00000475838	ENSG00000183778	B3GALT5
ENST00000615480	ENSG00000183778	B3GALT5
ENST00000380618	ENSG00000183778	B3GALT5
ENST00000343118	ENSG00000183778	B3GALT5
ENST00000398714	ENSG00000183778	B3GALT5
ENST00000489821	ENSG00000184809	B3GALT5-AS1
ENST00000380612	ENSG00000184809	B3GALT5-AS1
ENST00000380604	ENSG00000184809	B3GALT5-AS1
ENST00000329618	ENSG00000184809	B3GALT5-AS1
ENST00000416555	ENSG00000225330	AF064860
ENST00000457325	ENSG00000231713	AF064860
ENST00000419826	ENSG00000231713	AF064860
ENST00000380588	ENSG00000183067	IGSF5
ENST00000479378	ENSG00000183067	IGSF5
ENST00000459922	ENSG00000183067	IGSF5
ENST00000328619	ENSG00000183036	PCP4
ENST00000462224	ENSG00000183036	PCP4
ENST00000468717	ENSG00000183036	PCP4
ENST00000467565	ENSG00000183036	PCP4
ENST00000400454	ENSG00000171587	DSCAM
ENST00000617870	ENSG00000171587	DSCAM
ENST00000404019	ENSG00000171587	DSCAM
ENST00000585040	ENSG00000263973	MIR4760
ENST00000422749	ENSG00000235123	DSCAM-AS1
ENST00000427451	ENSG00000235123	DSCAM-AS1
ENST00000444046	ENSG00000235123	DSCAM-AS1
ENST00000455354	ENSG00000235123	DSCAM-AS1
ENST00000384418	ENSG00000207147	RF00432
ENST00000441910	ENSG00000233756	DSCAM-IT1
ENST00000440363	ENSG00000233756	DSCAM-IT1
ENST00000456507	ENSG00000230859	YRDCP3
ENST00000441268	ENSG00000226496	LINC00323
ENST00000435493	ENSG00000226496	LINC00323
ENST00000446910	ENSG00000226496	LINC00323
ENST00000582241	ENSG00000263681	MIR3197
ENST00000328735	ENSG00000182240	BACE2
ENST00000330333	ENSG00000182240	BACE2
ENST00000347667	ENSG00000182240	BACE2
ENST00000470864	ENSG00000182240	BACE2
ENST00000487994	ENSG00000182240	BACE2
ENST00000491838	ENSG00000182240	BACE2
ENST00000466122	ENSG00000182240	BACE2
ENST00000465326	ENSG00000182240	BACE2
ENST00000463674	ENSG00000182240	BACE2
ENST00000475618	ENSG00000182240	BACE2
ENST00000623119	ENSG00000280109	PLAC4
ENST00000645185	ENSG00000280109	PLAC4
ENST00000430327	ENSG00000280109	PLAC4
ENST00000440221	ENSG00000280109	PLAC4
ENST00000414699	ENSG00000280109	PLAC4
ENST00000433378	ENSG00000224388	BACE2-IT1
ENST00000479810	ENSG00000183844	FAM3B
ENST00000518236	ENSG00000183844	FAM3B
ENST00000357985	ENSG00000183844	FAM3B
ENST00000398647	ENSG00000183844	FAM3B
ENST00000398652	ENSG00000183844	FAM3B
ENST00000398646	ENSG00000183844	FAM3B
ENST00000330714	ENSG00000183486	MX2
ENST00000436410	ENSG00000183486	MX2
ENST00000435611	ENSG00000183486	MX2
ENST00000494252	ENSG00000183486	MX2
ENST00000495892	ENSG00000183486	MX2
ENST00000416447	ENSG00000183486	MX2
ENST00000418103	ENSG00000183486	MX2
ENST00000482953	ENSG00000183486	MX2
ENST00000496774	ENSG00000183486	MX2
ENST00000493753	ENSG00000183486	MX2
ENST00000481838	ENSG00000183486	MX2
ENST00000474368	ENSG00000183486	MX2
ENST00000398632	ENSG00000183486	MX2
ENST00000490220	ENSG00000157601	MX1
ENST00000468506	ENSG00000157601	MX1
ENST00000398600	ENSG00000157601	MX1
ENST00000413778	ENSG00000157601	MX1
ENST00000419044	ENSG00000157601	MX1
ENST00000455164	ENSG00000157601	MX1
ENST00000398598	ENSG00000157601	MX1
ENST00000424365	ENSG00000157601	MX1
ENST00000484465	ENSG00000157601	MX1
ENST00000417963	ENSG00000157601	MX1
ENST00000441677	ENSG00000157601	MX1
ENST00000478268	ENSG00000157601	MX1
ENST00000427464	ENSG00000157601	MX1
ENST00000288383	ENSG00000157601	MX1
ENST00000619682	ENSG00000157601	MX1
ENST00000467510	ENSG00000157601	MX1
ENST00000486275	ENSG00000157601	MX1
ENST00000491110	ENSG00000157601	MX1
ENST00000411427	ENSG00000228318	AP001610
ENST00000332149	ENSG00000184012	TMPRSS2
ENST00000398585	ENSG00000184012	TMPRSS2
ENST00000488556	ENSG00000184012	TMPRSS2
ENST00000458356	ENSG00000184012	TMPRSS2
ENST00000454499	ENSG00000184012	TMPRSS2
ENST00000469395	ENSG00000184012	TMPRSS2
ENST00000424093	ENSG00000184012	TMPRSS2
ENST00000497881	ENSG00000184012	TMPRSS2
ENST00000463138	ENSG00000184012	TMPRSS2
ENST00000455813	ENSG00000184012	TMPRSS2
ENST00000489201	ENSG00000184012	TMPRSS2
ENST00000384772	ENSG00000207503	RF00421
ENST00000415820	ENSG00000232806	AP001610
ENST00000418874	ENSG00000223400	AP006748
ENST00000413718	ENSG00000227702	LINC00111
ENST00000412102	ENSG00000236384	LINC00479
ENST00000457881	ENSG00000236384	LINC00479
ENST00000586552	ENSG00000236384	LINC00479
ENST00000589300	ENSG00000236384	LINC00479
ENST00000432830	ENSG00000232401	LINC00112
ENST00000352483	ENSG00000183421	RIPK4
ENST00000332512	ENSG00000183421	RIPK4
ENST00000423276	ENSG00000236883	AP001615
ENST00000622292	ENSG00000275166	MIR6814
ENST00000470586	ENSG00000141956	PRDM15
ENST00000486812	ENSG00000141956	PRDM15
ENST00000447016	ENSG00000141956	PRDM15
ENST00000398548	ENSG00000141956	PRDM15
ENST00000422911	ENSG00000141956	PRDM15
ENST00000441787	ENSG00000141956	PRDM15
ENST00000449395	ENSG00000141956	PRDM15
ENST00000433067	ENSG00000141956	PRDM15
ENST00000447207	ENSG00000141956	PRDM15
ENST00000269844	ENSG00000141956	PRDM15
ENST00000465955	ENSG00000141956	PRDM15
ENST00000477633	ENSG00000141956	PRDM15
ENST00000495217	ENSG00000141956	PRDM15
ENST00000491486	ENSG00000141956	PRDM15
ENST00000489661	ENSG00000141956	PRDM15
ENST00000496124	ENSG00000141956	PRDM15
ENST00000458654	ENSG00000236545	AP001619
ENST00000432411	ENSG00000227698	AP001619
ENST00000515969	ENSG00000251778	RF00334
ENST00000449165	ENSG00000157617	C2CD2
ENST00000329623	ENSG00000157617	C2CD2
ENST00000380486	ENSG00000157617	C2CD2
ENST00000482186	ENSG00000157617	C2CD2
ENST00000482084	ENSG00000157617	C2CD2
ENST00000467074	ENSG00000157617	C2CD2
ENST00000490479	ENSG00000157617	C2CD2
ENST00000478372	ENSG00000157617	C2CD2
ENST00000310826	ENSG00000173276	ZBTB21
ENST00000398505	ENSG00000173276	ZBTB21
ENST00000398499	ENSG00000173276	ZBTB21
ENST00000398511	ENSG00000173276	ZBTB21
ENST00000465968	ENSG00000173276	ZBTB21
ENST00000425521	ENSG00000173276	ZBTB21
ENST00000449949	ENSG00000173276	ZBTB21
ENST00000398497	ENSG00000173276	ZBTB21
ENST00000412906	ENSG00000237232	ZNF295-AS1
ENST00000455701	ENSG00000237232	ZNF295-AS1
ENST00000429739	ENSG00000237232	ZNF295-AS1
ENST00000400427	ENSG00000177398	UMODL1
ENST00000400424	ENSG00000177398	UMODL1
ENST00000408910	ENSG00000177398	UMODL1
ENST00000408989	ENSG00000177398	UMODL1
ENST00000400421	ENSG00000177398	UMODL1
ENST00000466434	ENSG00000177398	UMODL1
ENST00000468982	ENSG00000177398	UMODL1
ENST00000485357	ENSG00000177398	UMODL1
ENST00000491559	ENSG00000177398	UMODL1
ENST00000497243	ENSG00000177398	UMODL1
ENST00000475047	ENSG00000177398	UMODL1
ENST00000484174	ENSG00000177398	UMODL1
ENST00000400423	ENSG00000177398	UMODL1
ENST00000484712	ENSG00000177398	UMODL1
ENST00000329015	ENSG00000184385	UMODL1-AS1
ENST00000398457	ENSG00000160179	ABCG1
ENST00000462050	ENSG00000160179	ABCG1
ENST00000347800	ENSG00000160179	ABCG1
ENST00000450121	ENSG00000160179	ABCG1
ENST00000361802	ENSG00000160179	ABCG1
ENST00000398449	ENSG00000160179	ABCG1
ENST00000343687	ENSG00000160179	ABCG1
ENST00000398437	ENSG00000160179	ABCG1
ENST00000472587	ENSG00000160179	ABCG1
ENST00000467818	ENSG00000160179	ABCG1
ENST00000496783	ENSG00000160179	ABCG1
ENST00000411330	ENSG00000223262	RNA5SP492
ENST00000518498	ENSG00000160180	TFF3
ENST00000489676	ENSG00000160180	TFF3
ENST00000398431	ENSG00000160180	TFF3
ENST00000291525	ENSG00000160180	TFF3
ENST00000291526	ENSG00000160181	TFF2
ENST00000463771	ENSG00000160181	TFF2
ENST00000475297	ENSG00000160181	TFF2
ENST00000291527	ENSG00000160182	TFF1
ENST00000644384	ENSG00000160183	TMPRSS3
ENST00000433957	ENSG00000160183	TMPRSS3
ENST00000291532	ENSG00000160183	TMPRSS3
ENST00000476848	ENSG00000160183	TMPRSS3
ENST00000474596	ENSG00000160183	TMPRSS3
ENST00000482761	ENSG00000160183	TMPRSS3
ENST00000398405	ENSG00000160183	TMPRSS3
ENST00000398397	ENSG00000160183	TMPRSS3
ENST00000478680	ENSG00000160183	TMPRSS3
ENST00000635189	ENSG00000160185	UBASH3A
ENST00000291535	ENSG00000160185	UBASH3A
ENST00000635108	ENSG00000160185	UBASH3A
ENST00000635325	ENSG00000160185	UBASH3A
ENST00000634453	ENSG00000160185	UBASH3A
ENST00000634718	ENSG00000160185	UBASH3A
ENST00000319294	ENSG00000160185	UBASH3A
ENST00000398367	ENSG00000160185	UBASH3A
ENST00000473381	ENSG00000160185	UBASH3A
ENST00000516810	ENSG00000252619	RNU6-1149P
ENST00000493019	ENSG00000160188	RSPH1
ENST00000291536	ENSG00000160188	RSPH1
ENST00000398352	ENSG00000160188	RSPH1
ENST00000454800	ENSG00000160190	SLC37A1
ENST00000419522	ENSG00000160190	SLC37A1
ENST00000398341	ENSG00000160190	SLC37A1
ENST00000484887	ENSG00000160190	SLC37A1
ENST00000471277	ENSG00000160190	SLC37A1
ENST00000352133	ENSG00000160190	SLC37A1
ENST00000398343	ENSG00000160190	SLC37A1
ENST00000487951	ENSG00000160190	SLC37A1
ENST00000496416	ENSG00000160190	SLC37A1
ENST00000416179	ENSG00000239930	AP001625
ENST00000429903	ENSG00000231867	AP001625
ENST00000455116	ENSG00000231867	AP001625
ENST00000442605	ENSG00000235772	AP001625
ENST00000419628	ENSG00000225431	LINC01671
ENST00000424890	ENSG00000235023	AP001626
ENST00000460905	ENSG00000160191	PDE9A
ENST00000472401	ENSG00000160191	PDE9A
ENST00000335512	ENSG00000160191	PDE9A
ENST00000291539	ENSG00000160191	PDE9A
ENST00000470987	ENSG00000160191	PDE9A
ENST00000490803	ENSG00000160191	PDE9A
ENST00000486902	ENSG00000160191	PDE9A
ENST00000328862	ENSG00000160191	PDE9A
ENST00000335440	ENSG00000160191	PDE9A
ENST00000380328	ENSG00000160191	PDE9A
ENST00000398225	ENSG00000160191	PDE9A
ENST00000398227	ENSG00000160191	PDE9A
ENST00000398229	ENSG00000160191	PDE9A
ENST00000398232	ENSG00000160191	PDE9A
ENST00000398234	ENSG00000160191	PDE9A
ENST00000398236	ENSG00000160191	PDE9A
ENST00000460989	ENSG00000160191	PDE9A
ENST00000462571	ENSG00000160191	PDE9A
ENST00000467403	ENSG00000160191	PDE9A
ENST00000468805	ENSG00000160191	PDE9A
ENST00000495521	ENSG00000160191	PDE9A
ENST00000497805	ENSG00000160191	PDE9A
ENST00000349112	ENSG00000160191	PDE9A
ENST00000398224	ENSG00000160191	PDE9A
ENST00000467162	ENSG00000160191	PDE9A
ENST00000495343	ENSG00000160191	PDE9A
ENST00000489319	ENSG00000160191	PDE9A
ENST00000466472	ENSG00000160191	PDE9A
ENST00000437426	ENSG00000225731	AP001627
ENST00000635001	ENSG00000283051	LINC01668
ENST00000420273	ENSG00000233754	AP001628
ENST00000431150	ENSG00000225218	AP001628
ENST00000330317	ENSG00000160193	WDR4
ENST00000492742	ENSG00000160193	WDR4
ENST00000398208	ENSG00000160193	WDR4
ENST00000476326	ENSG00000160193	WDR4
ENST00000479429	ENSG00000160193	WDR4
ENST00000463902	ENSG00000160193	WDR4
ENST00000470658	ENSG00000160193	WDR4
ENST00000460259	ENSG00000160194	NDUFV3
ENST00000354250	ENSG00000160194	NDUFV3
ENST00000340344	ENSG00000160194	NDUFV3
ENST00000460740	ENSG00000160194	NDUFV3
ENST00000447535	ENSG00000233056	ERVH48-1
ENST00000617971	ENSG00000233056	ERVH48-1
ENST00000579137	ENSG00000264580	MIR5692B
ENST00000428410	ENSG00000224100	AP001630
ENST00000291547	ENSG00000160199	PKNOX1
ENST00000432907	ENSG00000160199	PKNOX1
ENST00000418336	ENSG00000160199	PKNOX1
ENST00000480179	ENSG00000160199	PKNOX1
ENST00000456957	ENSG00000160199	PKNOX1
ENST00000560448	ENSG00000160199	PKNOX1
ENST00000607049	ENSG00000160199	PKNOX1
ENST00000557820	ENSG00000160199	PKNOX1
ENST00000474336	ENSG00000160199	PKNOX1
ENST00000607150	ENSG00000160199	PKNOX1
ENST00000558955	ENSG00000160199	PKNOX1
ENST00000461686	ENSG00000160200	CBS
ENST00000398158	ENSG00000160200	CBS
ENST00000398165	ENSG00000160200	CBS
ENST00000359624	ENSG00000160200	CBS
ENST00000352178	ENSG00000160200	CBS
ENST00000451248	ENSG00000160200	CBS
ENST00000462349	ENSG00000160200	CBS
ENST00000491776	ENSG00000160200	CBS
ENST00000458223	ENSG00000160200	CBS
ENST00000430013	ENSG00000160200	CBS
ENST00000496485	ENSG00000160200	CBS
ENST00000486098	ENSG00000160200	CBS
ENST00000441030	ENSG00000160200	CBS
ENST00000470912	ENSG00000160200	CBS
ENST00000465732	ENSG00000160200	CBS
ENST00000488526	ENSG00000160200	CBS
ENST00000478709	ENSG00000160200	CBS
ENST00000471250	ENSG00000160201	U2AF1
ENST00000478282	ENSG00000160201	U2AF1
ENST00000459639	ENSG00000160201	U2AF1
ENST00000464750	ENSG00000160201	U2AF1
ENST00000475639	ENSG00000160201	U2AF1
ENST00000380276	ENSG00000160201	U2AF1
ENST00000291552	ENSG00000160201	U2AF1
ENST00000398137	ENSG00000160201	U2AF1
ENST00000486519	ENSG00000160201	U2AF1
ENST00000463599	ENSG00000160201	U2AF1
ENST00000496462	ENSG00000160201	U2AF1
ENST00000468039	ENSG00000160201	U2AF1
ENST00000450190	ENSG00000232777	MRPL51P2
ENST00000424933	ENSG00000236663	FRGCA
ENST00000433840	ENSG00000228120	AP001631
ENST00000291554	ENSG00000160202	CRYAA
ENST00000482775	ENSG00000160202	CRYAA
ENST00000398133	ENSG00000160202	CRYAA
ENST00000398132	ENSG00000160202	CRYAA
ENST00000468016	ENSG00000160202	CRYAA
ENST00000450205	ENSG00000237864	LINC00322
ENST00000442815	ENSG00000237989	LINC01679
ENST00000435702	ENSG00000225637	AP001046
ENST00000270162	ENSG00000142178	SIK1
ENST00000644871	ENSG00000142178	SIK1
ENST00000644689	ENSG00000142178	SIK1
ENST00000478426	ENSG00000142178	SIK1
ENST00000644750	ENSG00000142178	SIK1
ENST00000644276	ENSG00000142178	SIK1
ENST00000448049	ENSG00000188660	LINC00319
ENST00000342757	ENSG00000188660	LINC00319
ENST00000426942	ENSG00000185186	LINC00313
ENST00000332440	ENSG00000185186	LINC00313
ENST00000413721	ENSG00000185186	LINC00313
ENST00000418516	ENSG00000185186	LINC00313
ENST00000451543	ENSG00000185186	LINC00313
ENST00000427188	ENSG00000185186	LINC00313
ENST00000441283	ENSG00000185186	LINC00313
ENST00000436359	ENSG00000223975	AP001048
ENST00000291560	ENSG00000160207	HSF2BP
ENST00000443485	ENSG00000160207	HSF2BP
ENST00000398116	ENSG00000214326	RPL31P1
ENST00000599962	ENSG00000234289	H2BFS
ENST00000613967	ENSG00000278433	MIR6070
ENST00000340648	ENSG00000160208	RRP1B
ENST00000470886	ENSG00000160208	RRP1B
ENST00000398081	ENSG00000160209	PDXK
ENST00000468090	ENSG00000160209	PDXK
ENST00000291565	ENSG00000160209	PDXK
ENST00000398085	ENSG00000160209	PDXK
ENST00000476084	ENSG00000160209	PDXK
ENST00000470029	ENSG00000160209	PDXK
ENST00000438837	ENSG00000160209	PDXK
ENST00000498040	ENSG00000160209	PDXK
ENST00000327574	ENSG00000160209	PDXK
ENST00000472777	ENSG00000160209	PDXK
ENST00000476313	ENSG00000160209	PDXK
ENST00000481512	ENSG00000160209	PDXK
ENST00000621478	ENSG00000160209	PDXK
ENST00000490666	ENSG00000160209	PDXK
ENST00000467908	ENSG00000160209	PDXK
ENST00000343528	ENSG00000160209	PDXK
ENST00000398078	ENSG00000160209	PDXK
ENST00000468392	ENSG00000160209	PDXK
ENST00000461123	ENSG00000160209	PDXK
ENST00000626421	ENSG00000281420	AP001052
ENST00000639959	ENSG00000160213	CSTB
ENST00000291568	ENSG00000160213	CSTB
ENST00000640406	ENSG00000160213	CSTB
ENST00000480147	ENSG00000160213	CSTB
ENST00000452969	ENSG00000234030	TMEM97P1
ENST00000475534	ENSG00000160214	RRP1
ENST00000497547	ENSG00000160214	RRP1
ENST00000483896	ENSG00000160214	RRP1
ENST00000492638	ENSG00000160214	RRP1
ENST00000473988	ENSG00000160214	RRP1
ENST00000467112	ENSG00000160214	RRP1
ENST00000471909	ENSG00000160214	RRP1
ENST00000437258	ENSG00000215458	AATBC
ENST00000448247	ENSG00000215458	AATBC
ENST00000400385	ENSG00000215458	AATBC
ENST00000449877	ENSG00000226543	MYL6P1
ENST00000291572	ENSG00000160216	AGPAT3
ENST00000474735	ENSG00000160216	AGPAT3
ENST00000448287	ENSG00000160216	AGPAT3
ENST00000398061	ENSG00000160216	AGPAT3
ENST00000327505	ENSG00000160216	AGPAT3
ENST00000445582	ENSG00000160216	AGPAT3
ENST00000398063	ENSG00000160216	AGPAT3
ENST00000398058	ENSG00000160216	AGPAT3
ENST00000457068	ENSG00000160216	AGPAT3
ENST00000448845	ENSG00000160216	AGPAT3
ENST00000498670	ENSG00000160216	AGPAT3
ENST00000422850	ENSG00000160216	AGPAT3
ENST00000497909	ENSG00000160216	AGPAT3
ENST00000546158	ENSG00000160216	AGPAT3
ENST00000479117	ENSG00000160216	AGPAT3
ENST00000481319	ENSG00000160216	AGPAT3
ENST00000467358	ENSG00000160216	AGPAT3
ENST00000484865	ENSG00000160216	AGPAT3
ENST00000362728	ENSG00000199598	RNU6-859P
ENST00000516797	ENSG00000252606	RNU6-1150P
ENST00000380221	ENSG00000160218	TRAPPC10
ENST00000291574	ENSG00000160218	TRAPPC10
ENST00000422875	ENSG00000160218	TRAPPC10
ENST00000481460	ENSG00000160218	TRAPPC10
ENST00000461889	ENSG00000160218	TRAPPC10
ENST00000459741	ENSG00000160218	TRAPPC10
ENST00000465905	ENSG00000160218	TRAPPC10
ENST00000483973	ENSG00000160218	TRAPPC10
ENST00000486746	ENSG00000160218	TRAPPC10
ENST00000469521	ENSG00000160218	TRAPPC10
ENST00000485621	ENSG00000160218	TRAPPC10
ENST00000468864	ENSG00000160218	TRAPPC10
ENST00000416034	ENSG00000213440	H2AFZP1
ENST00000291576	ENSG00000241945	PWP2
ENST00000456705	ENSG00000241945	PWP2
ENST00000486126	ENSG00000241945	PWP2
ENST00000471490	ENSG00000241945	PWP2
ENST00000494310	ENSG00000241945	PWP2
ENST00000476948	ENSG00000241945	PWP2
ENST00000291577	ENSG00000160221	GATD3A
ENST00000645487	ENSG00000160221	GATD3A
ENST00000644251	ENSG00000160221	GATD3A
ENST00000495007	ENSG00000160221	GATD3A
ENST00000427803	ENSG00000160221	GATD3A
ENST00000493883	ENSG00000160221	GATD3A
ENST00000480786	ENSG00000160221	GATD3A
ENST00000348499	ENSG00000160221	GATD3A
ENST00000389690	ENSG00000160221	GATD3A
ENST00000646873	ENSG00000160221	GATD3A
ENST00000488392	ENSG00000160221	GATD3A
ENST00000419699	ENSG00000160221	GATD3A
ENST00000449622	ENSG00000160221	GATD3A
ENST00000470545	ENSG00000160221	GATD3A
ENST00000642815	ENSG00000160221	GATD3A
ENST00000411694	ENSG00000225331	LINC01678
ENST00000424921	ENSG00000225331	LINC01678
ENST00000645813	ENSG00000285413	AP001056
ENST00000411956	ENSG00000237604	AP001056
ENST00000437557	ENSG00000232124	AP001057
ENST00000423967	ENSG00000232124	AP001057
ENST00000643466	ENSG00000160223	ICOSLG
ENST00000344330	ENSG00000160223	ICOSLG
ENST00000407780	ENSG00000160223	ICOSLG
ENST00000400379	ENSG00000160223	ICOSLG
ENST00000400377	ENSG00000160223	ICOSLG
ENST00000619053	ENSG00000278158	AP001059
ENST00000620163	ENSG00000275799	AP001059
ENST00000436357	ENSG00000142182	DNMT3L
ENST00000270172	ENSG00000142182	DNMT3L
ENST00000628202	ENSG00000142182	DNMT3L
ENST00000431166	ENSG00000142182	DNMT3L
ENST00000442785	ENSG00000232010	AP001059
ENST00000530812	ENSG00000160224	AIRE
ENST00000527919	ENSG00000160224	AIRE
ENST00000291582	ENSG00000160224	AIRE
ENST00000337909	ENSG00000160224	AIRE
ENST00000397994	ENSG00000160224	AIRE
ENST00000349048	ENSG00000141959	PFKL
ENST00000397961	ENSG00000141959	PFKL
ENST00000496824	ENSG00000141959	PFKL
ENST00000466134	ENSG00000141959	PFKL
ENST00000628044	ENSG00000141959	PFKL
ENST00000491298	ENSG00000141959	PFKL
ENST00000474114	ENSG00000141959	PFKL
ENST00000498841	ENSG00000141959	PFKL
ENST00000460020	ENSG00000141959	PFKL
ENST00000467315	ENSG00000141959	PFKL
ENST00000460521	ENSG00000141959	PFKL
ENST00000495274	ENSG00000141959	PFKL
ENST00000422357	ENSG00000241728	AP001062
ENST00000444409	ENSG00000241728	AP001062
ENST00000339818	ENSG00000160226	CFAP410
ENST00000470196	ENSG00000160226	CFAP410
ENST00000496321	ENSG00000160226	CFAP410
ENST00000462742	ENSG00000160226	CFAP410
ENST00000397956	ENSG00000160226	CFAP410
ENST00000325223	ENSG00000160226	CFAP410
ENST00000478674	ENSG00000160226	CFAP410
ENST00000448927	ENSG00000184441	AP001062
ENST00000426029	ENSG00000232969	AP001062
ENST00000568332	ENSG00000260256	AP001063
ENST00000300482	ENSG00000142185	TRPM2
ENST00000431901	ENSG00000142185	TRPM2
ENST00000397928	ENSG00000142185	TRPM2
ENST00000397932	ENSG00000142185	TRPM2
ENST00000300481	ENSG00000142185	TRPM2
ENST00000498430	ENSG00000142185	TRPM2
ENST00000621064	ENSG00000142185	TRPM2
ENST00000490982	ENSG00000142185	TRPM2
ENST00000423310	ENSG00000230061	TRPM2-AS
ENST00000456880	ENSG00000230061	TRPM2-AS
ENST00000581669	ENSG00000266692	RF00285
ENST00000583496	ENSG00000264452	RF00285
ENST00000426578	ENSG00000229356	LRRC3-DT
ENST00000291592	ENSG00000160233	LRRC3
ENST00000443300	ENSG00000224747	MTCYBP21
ENST00000443620	ENSG00000223431	MTND6P21
ENST00000445440	ENSG00000227999	MTND5P1
ENST00000617205	ENSG00000274225	AP001065
ENST00000449713	ENSG00000228709	LINC02575
ENST00000622854	ENSG00000277352	AP001065
ENST00000613245	ENSG00000175894	TSPEAR
ENST00000323084	ENSG00000175894	TSPEAR
ENST00000642437	ENSG00000175894	TSPEAR
ENST00000397916	ENSG00000175894	TSPEAR
ENST00000451035	ENSG00000235890	TSPEAR-AS1
ENST00000430181	ENSG00000235890	TSPEAR-AS1
ENST00000330490	ENSG00000182912	TSPEAR-AS2
ENST00000354333	ENSG00000182912	TSPEAR-AS2
ENST00000465978	ENSG00000182912	TSPEAR-AS2
ENST00000400375	ENSG00000215455	KRTAP10-1
ENST00000391621	ENSG00000205445	KRTAP10-2
ENST00000498210	ENSG00000205445	KRTAP10-2
ENST00000391620	ENSG00000212935	KRTAP10-3
ENST00000622352	ENSG00000215454	KRTAP10-4
ENST00000400374	ENSG00000215454	KRTAP10-4
ENST00000616689	ENSG00000215454	KRTAP10-4
ENST00000400372	ENSG00000241123	KRTAP10-5
ENST00000400368	ENSG00000188155	KRTAP10-6
ENST00000609664	ENSG00000272804	KRTAP10-7
ENST00000334662	ENSG00000187766	KRTAP10-8
ENST00000397911	ENSG00000221837	KRTAP10-9
ENST00000484861	ENSG00000221837	KRTAP10-9
ENST00000616529	ENSG00000221837	KRTAP10-9
ENST00000380095	ENSG00000221859	KRTAP10-10
ENST00000334670	ENSG00000243489	KRTAP10-11
ENST00000391618	ENSG00000212933	KRTAP12-4
ENST00000397907	ENSG00000205439	KRTAP12-3
ENST00000360770	ENSG00000221864	KRTAP12-2
ENST00000435590	ENSG00000229880	IMMTP1
ENST00000391617	ENSG00000187175	KRTAP12-1
ENST00000617417	ENSG00000276647	KRTAP12-6P
ENST00000400365	ENSG00000189169	KRTAP10-12
ENST00000618832	ENSG00000189169	KRTAP10-12
ENST00000412914	ENSG00000236382	KRTAP10-13P
ENST00000345496	ENSG00000184787	UBE2G2
ENST00000481546	ENSG00000184787	UBE2G2
ENST00000497630	ENSG00000184787	UBE2G2
ENST00000477954	ENSG00000184787	UBE2G2
ENST00000491513	ENSG00000184787	UBE2G2
ENST00000330942	ENSG00000184787	UBE2G2
ENST00000478200	ENSG00000184787	UBE2G2
ENST00000497664	ENSG00000184787	UBE2G2
ENST00000462569	ENSG00000184787	UBE2G2
ENST00000490450	ENSG00000184787	UBE2G2
ENST00000496395	ENSG00000184787	UBE2G2
ENST00000490091	ENSG00000184787	UBE2G2
ENST00000417820	ENSG00000236519	LINC01424
ENST00000397898	ENSG00000184900	SUMO3
ENST00000332859	ENSG00000184900	SUMO3
ENST00000411651	ENSG00000184900	SUMO3
ENST00000479153	ENSG00000184900	SUMO3
ENST00000397893	ENSG00000184900	SUMO3
ENST00000466861	ENSG00000184900	SUMO3
ENST00000397887	ENSG00000183255	PTTG1IP
ENST00000330938	ENSG00000183255	PTTG1IP
ENST00000445724	ENSG00000183255	PTTG1IP
ENST00000397886	ENSG00000183255	PTTG1IP
ENST00000474737	ENSG00000183255	PTTG1IP
ENST00000494690	ENSG00000183255	PTTG1IP
ENST00000480234	ENSG00000183255	PTTG1IP
ENST00000475170	ENSG00000160255	ITGB2
ENST00000397852	ENSG00000160255	ITGB2
ENST00000397857	ENSG00000160255	ITGB2
ENST00000397854	ENSG00000160255	ITGB2
ENST00000498666	ENSG00000160255	ITGB2
ENST00000355153	ENSG00000160255	ITGB2
ENST00000397850	ENSG00000160255	ITGB2
ENST00000523323	ENSG00000160255	ITGB2
ENST00000302347	ENSG00000160255	ITGB2
ENST00000479202	ENSG00000160255	ITGB2
ENST00000320216	ENSG00000160255	ITGB2
ENST00000521987	ENSG00000160255	ITGB2
ENST00000523663	ENSG00000160255	ITGB2
ENST00000522931	ENSG00000160255	ITGB2
ENST00000517563	ENSG00000160255	ITGB2
ENST00000522688	ENSG00000160255	ITGB2
ENST00000520389	ENSG00000160255	ITGB2
ENST00000524251	ENSG00000160255	ITGB2
ENST00000517819	ENSG00000160255	ITGB2
ENST00000479849	ENSG00000160255	ITGB2
ENST00000397846	ENSG00000160255	ITGB2
ENST00000523126	ENSG00000160255	ITGB2
ENST00000521995	ENSG00000160255	ITGB2
ENST00000518033	ENSG00000160255	ITGB2
ENST00000441379	ENSG00000227039	ITGB2-AS1
ENST00000609694	ENSG00000227039	ITGB2-AS1
ENST00000609592	ENSG00000227039	ITGB2-AS1
ENST00000610063	ENSG00000227039	ITGB2-AS1
ENST00000608043	ENSG00000227039	ITGB2-AS1
ENST00000429132	ENSG00000227039	ITGB2-AS1
ENST00000609461	ENSG00000273027	AL844908
ENST00000615847	ENSG00000183250	LINC01547
ENST00000397841	ENSG00000183250	LINC01547
ENST00000330551	ENSG00000183250	LINC01547
ENST00000609953	ENSG00000272825	AL844908
ENST00000291634	ENSG00000160256	FAM207A
ENST00000397826	ENSG00000160256	FAM207A
ENST00000458015	ENSG00000160256	FAM207A
ENST00000479127	ENSG00000160256	FAM207A
ENST00000485207	ENSG00000160256	FAM207A
ENST00000616815	ENSG00000276529	AP001505
ENST00000439088	ENSG00000234880	LINC00163
ENST00000434081	ENSG00000234880	LINC00163
ENST00000569966	ENSG00000261706	LINC00165
ENST00000615826	ENSG00000275874	PICSAR
ENST00000599569	ENSG00000235374	SSR4P1
ENST00000429427	ENSG00000235374	SSR4P1
ENST00000415143	ENSG00000235374	SSR4P1
ENST00000462214	ENSG00000197381	ADARB1
ENST00000460734	ENSG00000197381	ADARB1
ENST00000437626	ENSG00000197381	ADARB1
ENST00000348831	ENSG00000197381	ADARB1
ENST00000389861	ENSG00000197381	ADARB1
ENST00000389863	ENSG00000197381	ADARB1
ENST00000492414	ENSG00000197381	ADARB1
ENST00000496664	ENSG00000197381	ADARB1
ENST00000449478	ENSG00000197381	ADARB1
ENST00000464215	ENSG00000197381	ADARB1
ENST00000611195	ENSG00000197381	ADARB1
ENST00000629643	ENSG00000197381	ADARB1
ENST00000360697	ENSG00000197381	ADARB1
ENST00000481022	ENSG00000197381	ADARB1
ENST00000631642	ENSG00000197381	ADARB1
ENST00000596207	ENSG00000267857	AL133499
ENST00000584169	ENSG00000182586	LINC00334
ENST00000638500	ENSG00000182586	LINC00334
ENST00000328344	ENSG00000182586	LINC00334
ENST00000471540	ENSG00000186866	POFUT2
ENST00000331343	ENSG00000186866	POFUT2
ENST00000334538	ENSG00000186866	POFUT2
ENST00000349485	ENSG00000186866	POFUT2
ENST00000612472	ENSG00000186866	POFUT2
ENST00000615172	ENSG00000186866	POFUT2
ENST00000485190	ENSG00000186866	POFUT2
ENST00000460932	ENSG00000186866	POFUT2
ENST00000463917	ENSG00000186866	POFUT2
ENST00000451615	ENSG00000186866	POFUT2
ENST00000493524	ENSG00000186866	POFUT2
ENST00000468360	ENSG00000186866	POFUT2
ENST00000493811	ENSG00000186866	POFUT2
ENST00000476653	ENSG00000186866	POFUT2
ENST00000400362	ENSG00000223768	LINC00205
ENST00000454115	ENSG00000223768	LINC00205
ENST00000647108	ENSG00000223768	LINC00205
ENST00000433465	ENSG00000223768	LINC00205
ENST00000441947	ENSG00000184274	LINC00315
ENST00000445242	ENSG00000229382	BX322557
ENST00000416722	ENSG00000237664	LINC00316
ENST00000429327	ENSG00000228930	MTCO1P3
ENST00000456613	ENSG00000228355	BX322559
ENST00000416468	ENSG00000228355	BX322559
ENST00000617004	ENSG00000273796	BX322562
ENST00000400337	ENSG00000182871	COL18A1
ENST00000355480	ENSG00000182871	COL18A1
ENST00000359759	ENSG00000182871	COL18A1
ENST00000342220	ENSG00000182871	COL18A1
ENST00000459895	ENSG00000182871	COL18A1
ENST00000423214	ENSG00000182871	COL18A1
ENST00000473212	ENSG00000182871	COL18A1
ENST00000446475	ENSG00000224574	COL18A1-AS2
ENST00000397787	ENSG00000183535	COL18A1-AS1
ENST00000485206	ENSG00000183535	COL18A1-AS1
ENST00000611994	ENSG00000275167	MIR6815
ENST00000417954	ENSG00000173638	SLC19A1
ENST00000567670	ENSG00000173638	SLC19A1
ENST00000461785	ENSG00000173638	SLC19A1
ENST00000468508	ENSG00000173638	SLC19A1
ENST00000460174	ENSG00000173638	SLC19A1
ENST00000311124	ENSG00000173638	SLC19A1
ENST00000380010	ENSG00000173638	SLC19A1
ENST00000485649	ENSG00000173638	SLC19A1
ENST00000427839	ENSG00000173638	SLC19A1
ENST00000443742	ENSG00000173638	SLC19A1
ENST00000486303	ENSG00000173638	SLC19A1
ENST00000528477	ENSG00000173638	SLC19A1
ENST00000441095	ENSG00000233922	LINC01694
ENST00000424569	ENSG00000233922	LINC01694
ENST00000465077	ENSG00000183570	PCBP3
ENST00000400314	ENSG00000183570	PCBP3
ENST00000472191	ENSG00000183570	PCBP3
ENST00000594149	ENSG00000183570	PCBP3
ENST00000628776	ENSG00000183570	PCBP3
ENST00000593338	ENSG00000183570	PCBP3
ENST00000609985	ENSG00000183570	PCBP3
ENST00000594320	ENSG00000183570	PCBP3
ENST00000610200	ENSG00000183570	PCBP3
ENST00000423045	ENSG00000183570	PCBP3
ENST00000400310	ENSG00000183570	PCBP3
ENST00000400308	ENSG00000183570	PCBP3
ENST00000400309	ENSG00000183570	PCBP3
ENST00000449640	ENSG00000183570	PCBP3
ENST00000481302	ENSG00000183570	PCBP3
ENST00000498121	ENSG00000183570	PCBP3
ENST00000549265	ENSG00000183570	PCBP3
ENST00000400305	ENSG00000183570	PCBP3
ENST00000400304	ENSG00000183570	PCBP3
ENST00000468429	ENSG00000183570	PCBP3
ENST00000475402	ENSG00000183570	PCBP3
ENST00000617854	ENSG00000275139	AL133492
ENST00000380008	ENSG00000205424	AL592528
ENST00000618749	ENSG00000276633	AJ011931
ENST00000626237	ENSG00000280604	AJ239328
ENST00000621707	ENSG00000274248	AJ011932
ENST00000361866	ENSG00000142156	COL6A1
ENST00000612273	ENSG00000142156	COL6A1
ENST00000492851	ENSG00000142156	COL6A1
ENST00000466285	ENSG00000142156	COL6A1
ENST00000463060	ENSG00000142156	COL6A1
ENST00000498614	ENSG00000142156	COL6A1
ENST00000486023	ENSG00000142156	COL6A1
ENST00000451618	ENSG00000224413	AP001476
ENST00000429512	ENSG00000228235	AP001476
ENST00000435738	ENSG00000226115	AP001476
ENST00000428242	ENSG00000233767	PSMA6P3
ENST00000454245	ENSG00000227438	AP001471
ENST00000300527	ENSG00000142173	COL6A2
ENST00000310645	ENSG00000142173	COL6A2
ENST00000436769	ENSG00000142173	COL6A2
ENST00000409416	ENSG00000142173	COL6A2
ENST00000397763	ENSG00000142173	COL6A2
ENST00000460886	ENSG00000142173	COL6A2
ENST00000485591	ENSG00000142173	COL6A2
ENST00000413758	ENSG00000142173	COL6A2
ENST00000483568	ENSG00000160282	FTCD
ENST00000460011	ENSG00000160282	FTCD
ENST00000291670	ENSG00000160282	FTCD
ENST00000397748	ENSG00000160282	FTCD
ENST00000498355	ENSG00000160282	FTCD
ENST00000446405	ENSG00000160282	FTCD
ENST00000397743	ENSG00000160282	FTCD
ENST00000397746	ENSG00000160282	FTCD
ENST00000494498	ENSG00000160282	FTCD
ENST00000488577	ENSG00000160282	FTCD
ENST00000480950	ENSG00000160282	FTCD
ENST00000469240	ENSG00000160282	FTCD
ENST00000446649	ENSG00000237338	FTCD-AS1
ENST00000330205	ENSG00000160284	SPATC1L
ENST00000291672	ENSG00000160284	SPATC1L
ENST00000415026	ENSG00000228404	AP001468
ENST00000356396	ENSG00000160285	LSS
ENST00000491729	ENSG00000160285	LSS
ENST00000397728	ENSG00000160285	LSS
ENST00000419093	ENSG00000160285	LSS
ENST00000457828	ENSG00000160285	LSS
ENST00000474319	ENSG00000160285	LSS
ENST00000522411	ENSG00000160285	LSS
ENST00000484808	ENSG00000160285	LSS
ENST00000464357	ENSG00000160285	LSS
ENST00000450351	ENSG00000160285	LSS
ENST00000472272	ENSG00000160285	LSS
ENST00000418029	ENSG00000223901	AP001469
ENST00000626933	ENSG00000223901	AP001469
ENST00000590829	ENSG00000215424	MCM3AP-AS1
ENST00000591223	ENSG00000215424	MCM3AP-AS1
ENST00000414659	ENSG00000215424	MCM3AP-AS1
ENST00000432735	ENSG00000215424	MCM3AP-AS1
ENST00000444998	ENSG00000215424	MCM3AP-AS1
ENST00000455567	ENSG00000215424	MCM3AP-AS1
ENST00000421927	ENSG00000215424	MCM3AP-AS1
ENST00000588753	ENSG00000215424	MCM3AP-AS1
ENST00000420074	ENSG00000215424	MCM3AP-AS1
ENST00000291688	ENSG00000160294	MCM3AP
ENST00000467026	ENSG00000160294	MCM3AP
ENST00000496607	ENSG00000160294	MCM3AP
ENST00000486937	ENSG00000160294	MCM3AP
ENST00000397708	ENSG00000160294	MCM3AP
ENST00000481113	ENSG00000160294	MCM3AP
ENST00000494755	ENSG00000160294	MCM3AP
ENST00000479557	ENSG00000160294	MCM3AP
ENST00000426537	ENSG00000160294	MCM3AP
ENST00000495475	ENSG00000160294	MCM3AP
ENST00000444966	ENSG00000228137	AP001469
ENST00000447037	ENSG00000239415	AP001469
ENST00000430259	ENSG00000239415	AP001469
ENST00000397701	ENSG00000182362	YBEY
ENST00000468924	ENSG00000182362	YBEY
ENST00000397694	ENSG00000182362	YBEY
ENST00000329319	ENSG00000182362	YBEY
ENST00000339195	ENSG00000182362	YBEY
ENST00000397692	ENSG00000182362	YBEY
ENST00000492864	ENSG00000182362	YBEY
ENST00000397691	ENSG00000182362	YBEY
ENST00000491666	ENSG00000160298	C21orf58
ENST00000397683	ENSG00000160298	C21orf58
ENST00000417060	ENSG00000160298	C21orf58
ENST00000291691	ENSG00000160298	C21orf58
ENST00000397682	ENSG00000160298	C21orf58
ENST00000397679	ENSG00000160298	C21orf58
ENST00000397680	ENSG00000160298	C21orf58
ENST00000472607	ENSG00000160298	C21orf58
ENST00000445935	ENSG00000160298	C21orf58
ENST00000475776	ENSG00000160298	C21orf58
ENST00000359568	ENSG00000160299	PCNT
ENST00000490468	ENSG00000160299	PCNT
ENST00000480896	ENSG00000160299	PCNT
ENST00000466474	ENSG00000160299	PCNT
ENST00000483844	ENSG00000160299	PCNT
ENST00000482575	ENSG00000160299	PCNT
ENST00000418394	ENSG00000160299	PCNT
ENST00000465356	ENSG00000160299	PCNT
ENST00000450007	ENSG00000225043	RPL18AP2
ENST00000400274	ENSG00000160305	DIP2A
ENST00000457905	ENSG00000160305	DIP2A
ENST00000466639	ENSG00000160305	DIP2A
ENST00000435722	ENSG00000160305	DIP2A
ENST00000417564	ENSG00000160305	DIP2A
ENST00000473752	ENSG00000160305	DIP2A
ENST00000494435	ENSG00000160305	DIP2A
ENST00000480553	ENSG00000160305	DIP2A
ENST00000472364	ENSG00000160305	DIP2A
ENST00000481883	ENSG00000160305	DIP2A
ENST00000478105	ENSG00000160305	DIP2A
ENST00000479654	ENSG00000160305	DIP2A
ENST00000442434	ENSG00000223692	DIP2A-IT1
ENST00000365369	ENSG00000202239	RNU6-396P
ENST00000291700	ENSG00000160307	S100B
ENST00000367071	ENSG00000160307	S100B
ENST00000397648	ENSG00000160307	S100B
ENST00000355680	ENSG00000160310	PRMT2
ENST00000451211	ENSG00000160310	PRMT2
ENST00000458387	ENSG00000160310	PRMT2
ENST00000397638	ENSG00000160310	PRMT2
ENST00000291705	ENSG00000160310	PRMT2
ENST00000397637	ENSG00000160310	PRMT2
ENST00000334494	ENSG00000160310	PRMT2
ENST00000397628	ENSG00000160310	PRMT2
ENST00000440086	ENSG00000160310	PRMT2
ENST00000482508	ENSG00000160310	PRMT2
ENST00000621201	ENSG00000160310	PRMT2
ENST00000481861	ENSG00000160310	PRMT2
ENST00000455177	ENSG00000160310	PRMT2
ENST00000491389	ENSG00000160310	PRMT2
ENST00000498151	ENSG00000160310	PRMT2
ENST00000486520	ENSG00000160310	PRMT2
ENST00000419906	ENSG00000230982	DSTNP1
ENST00000427757	ENSG00000212932	RPL23AP4
