{
    "read_files": "[ sample_01_1.fastq.gz, sample_01_2.fastq.gz]",
    "expected_format": "IU",
    "compatible_fragment_ratio": 1.0,
    "num_compatible_fragments": 1001038,
    "num_assigned_fragments": 1001038,
    "num_frags_with_concordant_consistent_mappings": 1004584,
    "num_frags_with_inconsistent_or_orphan_mappings": 41,
    "strand_mapping_bias": 0.4996038161069657,
    "MSF": 0,
    "OSF": 0,
    "ISF": 501894,
    "MSR": 0,
    "OSR": 0,
    "ISR": 502690,
    "SF": 26,
    "SR": 15,
    "MU": 0,
    "OU": 0,
    "IU": 0,
    "U": 0
}