{
    "read_files": "[ sample_04_1.fastq.gz, sample_04_2.fastq.gz]",
    "expected_format": "IU",
    "compatible_fragment_ratio": 1.0,
    "num_compatible_fragments": 1046653,
    "num_assigned_fragments": 1046653,
    "num_frags_with_concordant_consistent_mappings": 1049708,
    "num_frags_with_inconsistent_or_orphan_mappings": 29,
    "strand_mapping_bias": 0.500393442747888,
    "MSF": 0,
    "OSF": 0,
    "ISF": 525267,
    "MSR": 0,
    "OSR": 0,
    "ISR": 524441,
    "SF": 13,
    "SR": 16,
    "MU": 0,
    "OU": 0,
    "IU": 0,
    "U": 0
}