{
    "read_files": "[ sample_05_1.fastq.gz, sample_05_2.fastq.gz]",
    "expected_format": "IU",
    "compatible_fragment_ratio": 1.0,
    "num_compatible_fragments": 1013877,
    "num_assigned_fragments": 1013877,
    "num_frags_with_concordant_consistent_mappings": 1017888,
    "num_frags_with_inconsistent_or_orphan_mappings": 29,
    "strand_mapping_bias": 0.49991158162784118,
    "MSF": 0,
    "OSF": 0,
    "ISF": 508854,
    "MSR": 0,
    "OSR": 0,
    "ISR": 509034,
    "SF": 16,
    "SR": 13,
    "MU": 0,
    "OU": 0,
    "IU": 0,
    "U": 0
}