{
    "read_files": "[ sample_04_1.fastq.gz, sample_04_2.fastq.gz]",
    "expected_format": "IU",
    "compatible_fragment_ratio": 1.0,
    "num_compatible_fragments": 1333558,
    "num_assigned_fragments": 1333558,
    "num_frags_with_concordant_consistent_mappings": 1337742,
    "num_frags_with_inconsistent_or_orphan_mappings": 44,
    "strand_mapping_bias": 0.500011960452763,
    "MSF": 0,
    "OSF": 0,
    "ISF": 668887,
    "MSR": 0,
    "OSR": 0,
    "ISR": 668855,
    "SF": 23,
    "SR": 21,
    "MU": 0,
    "OU": 0,
    "IU": 0,
    "U": 0
}