{
    "read_files": "[ sample_03_1.fastq.gz, sample_03_2.fastq.gz]",
    "expected_format": "IU",
    "compatible_fragment_ratio": 1.0,
    "num_compatible_fragments": 1002008,
    "num_assigned_fragments": 1002008,
    "num_frags_with_concordant_consistent_mappings": 1005499,
    "num_frags_with_inconsistent_or_orphan_mappings": 27,
    "strand_mapping_bias": 0.49991795118642587,
    "MSF": 0,
    "OSF": 0,
    "ISF": 502667,
    "MSR": 0,
    "OSR": 0,
    "ISR": 502832,
    "SF": 17,
    "SR": 10,
    "MU": 0,
    "OU": 0,
    "IU": 0,
    "U": 0
}