{
    "read_files": "[ sample_03_1.fastq.gz, sample_03_2.fastq.gz]",
    "expected_format": "IU",
    "compatible_fragment_ratio": 1.0,
    "num_compatible_fragments": 967912,
    "num_assigned_fragments": 967912,
    "num_frags_with_concordant_consistent_mappings": 971780,
    "num_frags_with_inconsistent_or_orphan_mappings": 25,
    "strand_mapping_bias": 0.4995441355039206,
    "MSF": 0,
    "OSF": 0,
    "ISF": 485447,
    "MSR": 0,
    "OSR": 0,
    "ISR": 486333,
    "SF": 15,
    "SR": 10,
    "MU": 0,
    "OU": 0,
    "IU": 0,
    "U": 0
}