{
    "read_files": "[ sample_06_1.fastq.gz, sample_06_2.fastq.gz]",
    "expected_format": "IU",
    "compatible_fragment_ratio": 1.0,
    "num_compatible_fragments": 1036066,
    "num_assigned_fragments": 1036066,
    "num_frags_with_concordant_consistent_mappings": 1040404,
    "num_frags_with_inconsistent_or_orphan_mappings": 32,
    "strand_mapping_bias": 0.5000201844668033,
    "MSF": 0,
    "OSF": 0,
    "ISF": 520223,
    "MSR": 0,
    "OSR": 0,
    "ISR": 520181,
    "SF": 18,
    "SR": 14,
    "MU": 0,
    "OU": 0,
    "IU": 0,
    "U": 0
}