{
    "read_files": "[ sample_01_1.fastq.gz, sample_01_2.fastq.gz]",
    "expected_format": "IU",
    "compatible_fragment_ratio": 1.0,
    "num_compatible_fragments": 977999,
    "num_assigned_fragments": 977999,
    "num_frags_with_concordant_consistent_mappings": 981871,
    "num_frags_with_inconsistent_or_orphan_mappings": 25,
    "strand_mapping_bias": 0.49921221830566339,
    "MSF": 0,
    "OSF": 0,
    "ISF": 490162,
    "MSR": 0,
    "OSR": 0,
    "ISR": 491709,
    "SF": 16,
    "SR": 9,
    "MU": 0,
    "OU": 0,
    "IU": 0,
    "U": 0
}