{
    "read_files": "[ sample_02_1.fastq.gz, sample_02_2.fastq.gz]",
    "expected_format": "IU",
    "compatible_fragment_ratio": 1.0,
    "num_compatible_fragments": 987949,
    "num_assigned_fragments": 987949,
    "num_frags_with_concordant_consistent_mappings": 991725,
    "num_frags_with_inconsistent_or_orphan_mappings": 24,
    "strand_mapping_bias": 0.4996980009579268,
    "MSF": 0,
    "OSF": 0,
    "ISF": 495563,
    "MSR": 0,
    "OSR": 0,
    "ISR": 496162,
    "SF": 14,
    "SR": 10,
    "MU": 0,
    "OU": 0,
    "IU": 0,
    "U": 0
}